James,795735
Robert,758085
John,711571
William,556442
Richard,477458
David,426344
Charles,361734
Thomas,350754
Michael,336549
Ronald,282454
Larry,255891
Donald,247810
Joseph,230269
Gary,217757
George,209005
Kenneth,198537
Paul,183340
Edward,174785
Jerry,167239
Dennis,162103
Frank,119417
Daniel,112770
Raymond,109061
Roger,107597
Stephen,106801
Gerald,103336
Walter,83727
Harold,82171
Steven,81204
Douglas,80760
Lawrence,80452
Terry,76966
Wayne,75123
Arthur,73965
Jack,73919
Carl,72731
Henry,72478
Willie,72416
Bruce,72094
Joe,72011
Peter,69329
Billy,67827
Roy,65639
Ralph,64972
Anthony,64825
Jimmy,63519
Albert,60272
Bobby,58885
Eugene,57267
Johnny,57191
Fred,56665
Harry,56243
Howard,53529
Mark,50728
Alan,50303
Louis,49425
Philip,48731
Patrick,48615
Dale,46806
Danny,46655
Stanley,46263
Leonard,44280
Timothy,43503
Gregory,43221
Samuel,43123
Ronnie,42454
Norman,42163
Ernest,41759
Russell,41330
Francis,39518
Melvin,39229
Earl,39125
Frederick,39110
Allen,39046
Bill,37758
Tommy,37040
Phillip,36990
Marvin,36441
Steve,36283
Don,36250
Clarence,36195
Barry,36189
Glenn,35713
Jim,35629
Eddie,34806
Mike,34643
Andrew,34615
Jeffrey,34339
Leroy,33858
Alfred,31996
Martin,31403
Lee,30977
Tom,29883
Ray,29653
Herbert,28704
Gene,27738
Bernard,26445
Theodore,26245
Curtis,26004
Keith,25870
Clifford,25821
Rodney,24845
Gordon,24466
Jimmie,24360
Jesse,24334
Vincent,23899
Warren,23736
Lloyd,23600
Leon,23576
Jerome,23109
Edwin,22974
Brian,22790
Victor,22519
Bob,21375
Floyd,20995
Lewis,20929
Harvey,20761
Alvin,20711
Clyde,20708
Craig,20290
Vernon,20037
Leslie,19388
Franklin,19310
Calvin,19240
Jon,19034
Jay,18660
Charlie,18263
Darrell,18226
Jackie,18124
Dan,18017
Allan,17830
Randall,17775
Joel,17423
Gilbert,17351
Benjamin,17182
Lester,17081
Duane,17070
Leo,16959
Tony,16959
Herman,16853
Jose,16817
Glen,16551
Johnnie,16419
Dean,16355
Arnold,16038
Lonnie,15900
Christopher,15868
Nicholas,15505
Freddie,15374
Chester,15285
Eric,15187
Milton,14878
Cecil,14837
Lynn,14202
Manuel,14188
Randy,14165
Roland,13091
Ted,13026
Dwight,12863
Claude,12817
Wesley,12463
Neil,12427
Sam,12350
Scott,12161
Dave,11740
Wallace,11465
Kevin,11273
Hugh,10993
Donnie,10987
Elmer,10878
Micheal,10619
Willard,10600
Juan,10556
Maurice,10479
Jessie,10320
Garry,10319
Marshall,10240
Oscar,10187
Edgar,9805
Karl,9723
Marion,9668
Sidney,9610
Stuart,9526
Nathaniel,9490
Alexander,9479
Sammy,9360
Everett,9312
Benny,9302
Guy,8952
Virgil,8949
Morris,8801
Matthew,8761
Earnest,8704
Lyle,8619
Max,8524
Bennie,8480
Wendell,8378
Kent,8346
Jonathan,8296
Fredrick,8231
Clifton,8146
Luther,8139
Gerard,8127
Carlos,8100
Ben,8077
Tim,8002
Nelson,7822
Perry,7777
Clinton,7706
Terrence,7655
Otis,7653
Dick,7562
Randolph,7554
Lowell,7327
Delbert,7242
Chris,7166
Ira,7155
Hubert,7095
Reginald,7091
Carroll,7086
Clayton,7059
Homer,6956
Horace,6875
Alex,6854
Ricky,6796
Laurence,6670
Rex,6667
Rudolph,6552
Byron,6531
Loren,6399
Alton,6370
Ruben,6318
Jesus,6311
Archie,6302
Leland,6261
Marc,6180
Troy,6174
Willis,6160
Neal,6158
Ross,6152
Pete,6130
Mitchell,6123
Antonio,6099
Oliver,6057
Rick,5975
Wilbur,5962
Tommie,5955
Aaron,5940
Jeff,5912
Roosevelt,5907
Wilbert,5808
Edmund,5806
Rudy,5785
Darryl,5748
Jerald,5710
Malcolm,5680
Mack,5647
Salvatore,5576
Nathan,5576
Ron,5569
Julius,5561
Bradley,5532
Doyle,5527
Myron,5527
Pat,5487
Terrance,5457
Sherman,5454
Dewey,5372
Sylvester,5363
Carlton,5361
Jan,5345
Daryl,5291
Rodger,5289
Darrel,5273
Frankie,5263
Julian,5157
Teddy,5145
Nick,5120
Greg,5101
Isaac,5065
Clark,5050
Kenny,4945
Ivan,4880
Ken,4875
Dana,4859
Jacob,4853
Woodrow,4760
Jeffery,4755
Rufus,4665
Tyrone,4663
Ramon,4642
Ellis,4617
Phil,4575
Grady,4568
Ervin,4525
Raul,4506
Preston,4501
Forrest,4499
Mickey,4477
Roberto,4452
Elbert,4449
Brent,4384
Wilson,4360
Dallas,4357
Felix,4312
Wade,4292
Merle,4187
Lance,4184
Sammie,4181
Francisco,4163
Rickey,4098
Kerry,4052
Pedro,4045
Eldon,4038
Sheldon,4038
Buddy,4001
Mario,3993
Bryan,3975
Grant,3965
Conrad,3956
Owen,3921
Luis,3905
Irvin,3892
Orville,3845
Angelo,3830
Garland,3810
Bert,3807
Junior,3804
Van,3765
Stewart,3759
Billie,3742
Boyd,3735
Geoffrey,3714
Denis,3714
Andy,3706
Percy,3697
Robin,3686
Winston,3683
Kurt,3597
Travis,3581
Freddy,3580
Noel,3540
Louie,3507
Royce,3455
Emmett,3431
Aubrey,3372
Lanny,3330
Harlan,3269
Marcus,3265
Wilfred,3263
Harley,3214
Grover,3140
Gale,3110
Armando,3105
Lionel,3067
Ricardo,3043
Ed,3042
Edmond,3040
Spencer,3036
Bobbie,3035
Darwin,3032
Guadalupe,3014
Marlin,3013
Denny,3011
Loyd,2991
Ronny,2991
Alfonso,2987
Cleveland,2971
Gerry,2963
Burton,2960
Irving,2932
Kelly,2864
Ernie,2837
Hector,2825
Cary,2807
Terence,2806
Lorenzo,2794
Ned,2786
Moses,2772
Amos,2767
Kirk,2755
Dwayne,2743
Dominic,2734
Cornelius,2733
Kim,2722
Rene,2672
Roderick,2661
Elliott,2659
Dominick,2656
Kermit,2653
Alonzo,2648
Adrian,2639
Hal,2615
Elwood,2594
Sanford,2587
Gregg,2581
Thurman,2560
Murray,2539
Salvador,2514
Emil,2498
Norbert,2497
Austin,2493
Miguel,2481
Arturo,2480
Alfredo,2476
Frederic,2456
Galen,2445
Adam,2438
August,2433
Bradford,2418
Elijah,2398
Monte,2397
Vaughn,2382
Lamar,2361
Chuck,2349
Al,2345
Sterling,2334
Doug,2326
Roscoe,2322
Elton,2321
Mary,2303
Truman,2302
Norris,2275
Linwood,2254
Abraham,2235
Carmen,2221
Wiley,2178
Todd,2169
Barney,2168
Will,2161
Harrison,2134
Jasper,2119
Odell,2112
Millard,2110
Weldon,2108
Fernando,2106
Maynard,2092
Vance,2075
Simon,2067
Reuben,2060
Merlin,2060
Dannie,2056
Gabriel,2038
Gail,2017
Nolan,2004
Jess,1998
Miles,1995
Elvin,1994
Johnie,1967
Carol,1958
Merrill,1941
Emanuel,1931
Stephan,1931
Delmar,1931
Colin,1919
Otto,1918
Ollie,1900
Fredric,1887
Jerold,1867
Laverne,1862
Monroe,1861
Rodolfo,1853
Charley,1851
Irwin,1851
Dewayne,1847
Rafael,1832
Coy,1824
Monty,1823
Hollis,1807
Emory,1804
Jake,1801
Dudley,1798
Errol,1797
Ernesto,1794
Jackson,1790
Levi,1774
Ward,1762
Kennith,1743
Russel,1741
Enrique,1733
Randal,1706
Andre,1706
Jerrold,1679
Erwin,1673
Harris,1668
Riley,1663
Buford,1652
Alphonso,1648
Shelby,1642
Elliot,1641
Alberto,1640
Tracy,1629
Mac,1627
Gus,1624
Blaine,1624
Stan,1617
Armand,1611
Eddy,1610
Connie,1601
Tomas,1600
Vern,1591
Domingo,1591
Jean,1573
Clement,1562
Ulysses,1559
Carey,1558
Booker,1547
Evan,1546
Clair,1541
Christian,1529
Rocco,1523
Noah,1522
Terrell,1516
Kirby,1510
Dickie,1504
Melvyn,1504
Solomon,1499
Denver,1498
Shirley,1473
Mervin,1460
Dexter,1456
Wilmer,1453
Lon,1451
Hershel,1440
Wilburn,1434
Sandy,1428
Thaddeus,1427
Rolland,1421
Pablo,1417
Donny,1413
Bernie,1410
Reynaldo,1405
Gilberto,1396
Ramiro,1389
Reed,1385
Lavern,1379
Angel,1375
Barton,1371
Emery,1363
Earle,1345
Wilford,1345
Winfred,1342
Carter,1340
Linda,1329
Joesph,1327
Felipe,1327
Kendall,1325
Garrett,1324
Jason,1310
Davis,1304
Luke,1298
Brad,1298
Lupe,1297
Herschel,1296
Clay,1295
Donn,1294
Basil,1293
Julio,1292
Royal,1289
Eli,1288
Gayle,1285
Silas,1276
Forest,1276
Freeman,1275
Morgan,1274
Rogers,1271
Gaylord,1270
Cleo,1270
Jeremiah,1261
Adolph,1261
Everette,1260
Dalton,1251
Patricia,1242
Toby,1240
Elias,1227
Abel,1225
Rickie,1224
Drew,1224
Lenard,1223
Lamont,1217
Justin,1217
Alva,1216
Carmine,1210
Carrol,1204
Joey,1203
Sonny,1201
Vito,1199
Isaiah,1193
Duncan,1179
Major,1176
Delmer,1159
Joshua,1158
Barbara,1158
Kyle,1155
Ignacio,1152
Marty,1152
Jefferson,1144
Santos,1137
Bennett,1137
Orlando,1134
Milford,1131
Anton,1127
Carson,1123
Roman,1116
Santiago,1111
Andres,1109
Gearld,1107
Shelton,1107
Wilton,1100
Lyman,1098
Emilio,1096
Emerson,1094
Jorge,1093
Houston,1093
Odis,1085
Theron,1070
Foster,1065
Pasquale,1065
Dwain,1064
Rocky,1059
Isiah,1056
Fletcher,1056
Benito,1056
Jeffry,1053
Art,1050
Alden,1049
Hiram,1043
Cyril,1041
Bryant,1039
Anderson,1027
Raleigh,1023
Elmo,1022
Jere,1018
Randell,1010
Morton,1009
Normand,1008
Felton,1006
Cornell,1004
Jacky,1002
Reggie,997
Bud,993
Burl,993
Rod,990
Sherwood,986
Stanford,986
Quentin,983
Augustine,982
Arden,980
Mcarthur,979
Eduardo,978
Ivory,975
Saul,973
Val,972
Augustus,968
Dee,967
Elroy,965
Israel,965
Graham,963
Otha,961
Glynn,960
Arlen,957
Lonny,956
Alphonse,956
Bart,955
Michel,949
Rayford,947
Claud,947
Lane,945
Rogelio,943
Guillermo,942
Alejandro,941
Olin,938
Nicky,934
Hoyt,929
Judson,923
Damon,923
Wally,916
Olen,915
Cliff,910
Woody,910
Boyce,904
Jules,904
Milo,903
Mckinley,902
Coleman,901
Arlie,899
Haywood,897
Reid,887
Hilton,884
Robbie,879
Cletus,878
Lacy,874
Douglass,870
Mason,867
Mathew,867
Columbus,866
Lemuel,865
Lawerence,861
Lynwood,859
Erik,856
Orval,851
Seth,851
Garth,850
Emmitt,849
Blair,848
Lincoln,845
Huey,845
Dewitt,843
Bryce,841
Regis,838
Curt,838
Emile,830
Maxie,829
Myles,828
Harmon,824
Warner,822
Mose,818
King,818
Ismael,816
Rollin,816
Sydney,815
Hayward,812
Buster,812
Dane,812
Javier,809
Waymon,807
Burt,802
Newton,800
Leigh,799
Meredith,788
Stanton,786
Curtiss,781
Ian,779
Lucius,777
Benedict,775
Hobert,773
Taylor,772
Nickolas,768
Jaime,768
Pierre,764
Avery,762
Adolfo,762
Lindsey,758
Marcel,757
Cyrus,755
Verne,754
Dorsey,751
Lucien,745
Winford,744
Bertram,744
Beverly,744
Noble,743
Raymon,743
Alvis,743
Timmy,742
Betty,742
Darold,738
Fidel,737
Hardy,736
Sharon,735
Lauren,734
Mel,731
Cruz,730
Gaylon,727
Kay,725
Vicente,725
Sandra,720
Walker,720
Mitchel,717
Donovan,717
Lyndon,715
Bonnie,714
Unknown,711
Dennie,711
Carlo,710
Melton,710
Jamie,707
Talmadge,705
Napoleon,702
Walton,702
Brooks,701
Garold,699
Artis,699
Danial,699
Bruno,698
Matt,697
Alford,697
Eloy,697
Brady,696
Nicolas,694
Jordan,690
Scotty,690
Franklyn,686
Kenton,681
Humberto,676
Wardell,676
Oren,671
Arther,671
Granville,671
Windell,669
Elden,669
Reynold,666
Clint,665
Gerold,662
Sean,659
Ellsworth,658
Raphael,655
Gregorio,647
Butch,646
Maxwell,642
Domenic,642
Eldridge,639
Lorin,635
Harland,635
Darnell,633
Enoch,630
Lesley,630
Palmer,630
Zane,627
Benton,627
Courtney,627
Cedric,626
Russ,624
Patsy,623
Omer,620
Garfield,616
Berry,615
Delmas,612
Rubin,611
Judith,610
Cameron,607
Delton,607
Donnell,607
Verlin,607
Ambrose,606
Arlan,606
Seymour,604
Elwin,603
Ferdinand,603
Ashley,603
Jody,600
Hermon,599
Carleton,599
Loy,599
Merlyn,597
Shannon,596
Farrell,596
Fritz,595
Joyce,594
Theadore,592
Prince,590
Duwayne,587
Jerrell,586
Stacy,586
Nancy,585
Arlin,584
Blake,583
Glendon,583
Edd,579
Cordell,579
Parker,578
Abe,576
Wilber,575
Artie,575
Toney,574
Merritt,574
Ezra,574
Sebastian,574
Williams,573
Winfield,571
Casey,570
Murphy,570
Rupert,569
Jonas,569
Mahlon,568
Alvie,564
Elvis,563
Issac,562
Ottis,561
Delano,561
Margarito,560
Jewell,560
Len,560
Allyn,559
Porter,559
Howell,556
Del,556
Jeremy,556
Willian,555
Loran,553
Cleve,553
Marcos,553
Lucious,550
Dwaine,549
Dell,549
Les,549
Brett,548
Dillard,548
Ike,546
Jewel,543
Thad,543
Denzil,543
Arvin,542
Clarance,541
Orrin,538
Leeroy,538
Agustin,536
Hans,535
Rayburn,533
Sherrill,533
Derek,533
Herb,531
Lindell,530
Milan,529
Hugo,529
Sal,529
Terrill,526
Asa,526
Leonardo,525
Trinidad,525
Carolyn,523
Obie,522
Lawson,521
Tex,519
Valentine,519
Early,518
Willam,518
Joaquin,514
Adan,513
Susan,511
Lenny,511
Dorothy,509
Dayton,509
Logan,507
Frances,506
Vince,506
Garnett,505
Donal,503
Loyal,502
Ryan,500
Federico,499
Clem,499
Lindsay,498
Arvid,497
Jennings,497
Lorenza,497
Quinton,497
Derrell,496
Sergio,493
Tyler,492
Junius,492
Orin,491
Lucian,490
Margaret,490
Ezell,489
Durwood,489
Darell,488
Rowland,486
Omar,486
Bertrand,486
Jame,485
Roddy,485
Elmore,484
Judy,483
Refugio,483
Wylie,481
Rollie,481
Lafayette,479
Wayland,479
Leander,479
Noe,477
Evans,476
Giles,476
Romeo,475
Adolphus,474
Isidro,473
General,473
Vernell,473
Alfonzo,473
Marco,473
Johnson,472
Elisha,472
Donna,472
Erick,472
Ezekiel,472
Wyatt,472
Waldo,471
Denton,471
Ora,471
Oran,471
Hunter,470
Edison,470
Reyes,468
Gaylen,466
Lannie,465
Haskell,465
Rosevelt,463
Raymundo,463
Eliseo,462
Hank,462
Rory,462
Rondal,461
Shawn,460
Newell,459
Harrell,459
Rusty,458
Curley,457
Webster,457
Antone,457
Von,455
Karen,454
Lawrance,453
Geary,451
Chad,451
Lonzo,449
Joan,448
Claudie,448
Bernardo,447
Jonnie,445
Ford,445
Edsel,445
Brendan,444
Rand,444
Gustavo,444
Alec,443
Rosendo,443
Madison,443
Buck,442
Wyman,442
Stevan,442
Doris,440
Theo,440
Esteban,440
Clarke,439
Jared,438
Prentice,437
Hosea,437
Lary,436
Conley,436
Crawford,436
Arlyn,435
Hayden,435
Niles,434
Arnulfo,434
Dock,433
Rolf,432
Gonzalo,432
Quincy,430
Oneal,430
Mikel,430
Duke,429
Merton,428
Lou,427
Barrie,427
Norwood,426
Elzie,426
Deane,425
Aron,425
Leighton,423
Randle,422
Elwyn,422
Arlo,422
Kris,422
Carnell,421
Leopoldo,421
Lenwood,421
Cloyd,420
Rolando,419
Wayman,417
Kit,416
Santo,416
Walt,416
Whitney,416
Arvil,415
Linden,414
Aurelio,414
Gloria,412
Sherwin,412
Jacques,412
Burnell,410
Stevie,409
Woodie,408
Furman,406
Collin,405
Angus,405
Zachary,404
Carlyle,401
Henderson,401
Auther,400
Miller,399
Marcelino,399
Dempsey,398
Reese,397
Richmond,397
Verl,396
Levon,395
Xavier,395
Author,394
Theodis,394
Domenick,394
Emmanuel,393
Chauncey,393
Darvin,391
Genaro,390
Leonel,390
Rosario,390
Randel,389
Leamon,389
Lavon,388
Albin,388
Benson,388
Sheridan,385
Allison,384
Jarvis,384
Fay,382
Garey,381
Hamilton,381
Gil,381
Arne,380
Tillman,380
Lyn,379
Earlie,379
Derald,377
Murry,377
Authur,376
Kip,376
Alonza,376
Weston,374
Welton,373
Pierce,373
Thurston,371
Davie,371
Mariano,370
Thornton,370
Llewellyn,369
Dirk,369
Godfrey,369
Laurance,368
Hobart,368
Vic,368
Ocie,368
Ennis,368
Lovell,367
Marlyn,367
Barrett,365
Erich,365
Linton,365
Clare,364
Kathleen,362
Harlen,361
Linn,361
Josh,361
Jerrel,361
Porfirio,360
Kelley,359
Nevin,359
Clovis,359
Elizabeth,358
Macarthur,357
Bernice,356
Hilario,355
Dwane,355
Marshal,355
Glenwood,355
Durward,354
Abram,353
Johny,351
Nels,349
Jodie,347
Lambert,347
Farris,347
Ivy,344
Jonathon,344
Gustave,344
Gerardo,344
Brice,343
Richie,343
Lucky,343
Turner,342
Eldred,342
Rich,341
Linus,340
Aloysius,340
Addison,338
Janet,338
Hurley,338
Vernie,337
Layton,337
Beryl,336
Sid,335
Derrick,334
Dante,334
Florencio,334
Janice,334
Watson,334
Helen,334
Florian,333
Levern,333
Malvin,332
Lennie,332
Cesar,332
Edwardo,331
Merl,331
Ferrell,331
Efrain,331
Hershell,330
Scottie,328
Abner,328
Prentiss,328
Reymundo,327
Marcellus,326
Gardner,325
Foy,325
Casimir,325
Rudolf,323
Erskine,323
Diane,322
Gaston,322
Norval,321
Armond,321
Laird,321
Faustino,320
Arley,320
Virginia,320
Burley,320
Larrie,319
Therman,319
Laurie,319
Rexford,318
Kenney,318
Hampton,318
Eusebio,318
Landon,318
Bartholomew,318
Cleophus,317
Heyward,316
Shelly,315
Lucio,315
Samual,315
Darl,315
Werner,314
Olan,314
Arlis,314
Ardell,314
Devon,313
Lew,313
Ransom,312
Luciano,312
Caleb,312
Cleon,311
Valentin,310
Estel,310
Rueben,310
Brenda,309
Cal,309
Elgin,309
Dorian,308
Hilary,308
Erasmo,307
Vester,307
Nickie,306
Delvin,306
Stafford,305
Maria,305
Fermin,305
Moises,305
Florentino,304
Enos,303
Marlon,303
Trent,303
Frazier,302
Judd,302
Bailey,302
Hazel,301
Judge,301
Hayes,301
Paris,301
Ruth,301
Hillard,301
Verlon,300
Evert,300
Jed,299
Malcom,298
Raoul,298
Emmet,297
Wendel,297
Fulton,296
Skip,296
Baxter,296
Martha,295
Isadore,295
Audrey,295
Garvin,294
Tod,293
Jude,293
Gareth,291
Arvel,291
Robby,291
Jonny,290
Amador,290
Daryle,289
Maury,289
Zack,289
Roby,289
Lois,288
Amado,287
Darel,286
Nickey,286
Hezekiah,286
Otho,285
Ronney,285
Virgle,285
Eliot,285
Odie,284
Dorman,284
Arland,284
Collins,284
Gorden,284
June,283
Wynn,283
Pearl,282
Ronal,282
Harlon,282
Abelardo,282
Milburn,282
Willy,282
Deryl,281
Constantine,281
Casper,281
Arnoldo,281
Rayfield,280
Caesar,280
Alfonza,280
Clearence,280
Allie,279
Huston,279
Sylvan,278
Smith,277
Emmit,276
Gay,276
Vinson,275
Reece,275
Manley,275
Donell,275
Westley,274
Cody,274
Dicky,274
Norton,274
Jo,273
Nils,272
Montie,270
Finis,270
Eugenio,270
Alvaro,270
Laddie,270
Rob,269
Dixon,269
Henri,269
Ruby,268
Gino,268
Teodoro,268
Patric,268
Verle,267
Mauro,267
Murl,266
Clemente,266
Kennard,266
Waverly,265
Autry,265
Clive,265
Jones,265
Dawson,264
Dickey,264
Dorris,264
Chesley,263
Lyndell,263
Stefan,262
Enrico,262
Candelario,260
Ronold,260
Sanders,260
Ferris,259
Lenord,259
Alice,259
Isabel,259
Carmelo,257
Ozell,257
Vivian,256
Lucas,256
Laurel,255
Ethan,255
Melville,255
Finley,255
Vernal,255
Glyn,255
Celestino,254
Neill,253
Darius,252
Levy,252
Arnie,251
Acie,251
Baron,251
Sol,251
Anastacio,251
Mackie,251
Titus,250
Marilyn,249
Blas,249
Doran,249
Jonah,249
Cornelious,248
Desmond,247
Trevor,247
Berton,247
Fabian,247
Rudolfo,247
Sampson,246
Modesto,245
Girard,245
Creighton,245
Augustin,245
Verlyn,245
Mervyn,244
Oswald,243
Annie,243
Franz,243
Donavon,243
Rodrick,243
Kieth,242
Orvil,242
Bryon,241
Davey,241
Baldemar,241
Washington,241
Hilliard,241
Doyal,241
Grayson,241
Brock,240
Phyllis,240
Ossie,240
Hughie,239
Urban,239
Gustav,239
Gayland,239
Edmundo,239
Ignatius,238
Timmie,237
Barron,237
Harlin,237
Shelley,236
Claire,236
Waymond,236
Kee,236
Arlon,236
Nile,235
Delma,235
Ewell,235
Burnett,235
Garnet,235
Lorne,235
Hudson,235
Harvie,234
Wendall,234
Teddie,234
Benjiman,234
Henery,233
Joy,233
Layne,233
Louise,231
Ellwood,231
Dolores,231
Lennis,231
Cullen,231
Damian,231
Christy,231
Price,230
Michal,230
Shaun,230
Ronnald,230
Jacinto,229
Kelvin,229
Gray,229
Rhett,228
Orland,228
Rose,228
Rance,228
Jane,227
Roderic,227
Graydon,227
Earnie,227
Cipriano,227
Marie,226
Hansel,225
Catarino,225
Romie,225
Alois,225
Harlow,225
Ellery,224
Ivey,224
Cole,224
Diego,224
Winton,224
Jarrell,224
Oral,224
Leandro,224
Rush,224
Terrel,224
Corey,223
Ritchie,222
Natividad,222
Gaetano,221
Dario,221
Hilbert,221
Delfino,221
Augusta,220
Nat,220
Wellington,220
Vernard,220
Delwin,220
Simeon,219
Bernell,219
Burke,219
Johney,218
Sumner,218
Doyce,218
Alphonzo,218
Donato,217
Kendrick,217
Homero,217
Worth,216
Christ,216
Jerel,216
Chet,216
Ann,216
Rojelio,216
Colon,215
Peyton,215
Gennaro,215
Anson,215
Johnathan,215
Lazaro,215
Lars,215
Anselmo,215
Brenton,215
Verdell,214
Ozzie,214
Algie,214
Johnney,214
Nestor,214
Esequiel,213
Deward,213
Dino,213
Adelbert,212
Lawerance,212
Lawernce,212
Landis,211
Jimmey,211
Octavio,211
Glennon,211
Avon,211
Epifanio,210
Barnett,210
Macario,210
Rodrigo,210
Ryland,210
Sim,210
Jarrett,210
Aubry,209
Efren,209
Jerre,209
Jethro,208
Sigmund,207
Tyree,207
Cardell,207
Edson,206
Robbin,206
Lawton,206
Gerhard,206
Arch,206
Garret,205
Thompson,205
Chandler,205
Aldo,204
Antoine,204
Geraldine,203
Ansel,203
Minor,203
Gaines,202
Lindy,202
Ernst,202
Patricio,202
Carlie,201
Lino,201
Tad,201
Verner,201
Kurtis,201
Dion,201
Derry,201
Bartley,201
Larue,200
Burrell,200
Bishop,200
Burnice,199
Fidencio,199
Ace,199
Reynolds,199
Herbie,199
Orlin,198
Cecilio,198
Simmie,198
Newman,198
Benard,198
Cornel,198
Ludwig,198
Eligah,197
Leif,196
Merrell,196
Kennth,196
Dustin,196
Stacey,195
Marcelo,195
Prentis,195
Matias,195
Archibald,195
Carlis,195
Corwin,195
Conway,194
Isreal,194
Burdette,193
Stoney,193
Hollie,193
Talmage,192
Sammuel,192
Agapito,192
Drake,192
Cletis,192
Elza,192
Brandon,192
Danniel,191
Osborne,191
Braxton,191
Cosmo,191
Alvah,191
Clemon,190
Nolen,190
Christophe,190
Adell,189
Golden,189
Hyman,188
Loring,188
Sherry,188
Percell,188
Leopold,188
Merwin,187
Mearl,187
Presley,187
Jhon,187
Hartley,187
Ellison,187
Gilmer,187
Gifford,186
Calvert,186
Narciso,186
Vann,186
Peggy,185
Thurmond,185
Pascual,185
Gasper,185
Reno,185
Orie,185
Kimball,185
Hosie,184
Melford,184
Gill,184
Collis,184
Ciro,184
Georgie,184
Heriberto,183
Malachi,183
Gilman,183
Arnett,183
Roel,183
Catherine,183
Carmel,182
Murrell,182
Myrl,182
Dayle,182
Manny,182
Kenith,181
Corbett,181
Waylon,181
Ezequiel,181
Duaine,181
Larkin,180
Rosalio,180
Holland,180
Raynaldo,180
Hulon,180
Ruel,180
Manford,180
Conrado,179
Laurent,179
Oakley,179
Macon,179
Brooke,179
Buddie,179
Hoyle,178
Camille,178
Thom,178
Pamela,178
Okey,178
Eston,178
Thurmon,178
Ephraim,177
Thedore,177
Burgess,177
Gavin,177
Griffin,177
Courtland,177
Valentino,177
Powell,177
Oris,177
Norvell,176
Phillips,176
Estill,176
Fenton,176
Claudio,176
Coley,176
Norma,176
Ysidro,176
Dann,175
Derrel,175
Mick,175
Christine,174
Ancil,174
Berlin,174
Wanda,174
Cory,174
Audie,174
Brant,174
Clemmie,173
Glennis,173
Evelyn,173
Lionell,173
Fredie,173
Albino,172
Josef,172
Winthrop,171
Harrold,171
Oneil,171
Lamonte,171
Antony,171
Ferman,170
Fransisco,170
Vergil,169
Niel,169
Isom,169
Eulalio,169
Charlotte,168
Neale,168
Wheeler,168
Luster,168
Feliciano,167
Silvio,167
Spurgeon,167
Carmon,167
Garner,167
Bonifacio,167
Almon,167
Rodman,166
Josiah,166
Demetrio,166
Kenyon,166
Dolphus,166
Green,166
Apolonio,165
Daryll,165
Clarnce,165
Ashton,165
Ricki,165
Berkley,165
Delroy,164
Vidal,164
Haven,164
Leotis,164
Fernand,164
Davy,163
Clemens,163
Aldon,163
Salomon,163
Dearl,163
Alvino,162
Norm,162
Lex,162
Britt,162
Lynne,162
Holly,162
Anna,162
Lugene,162
Tito,162
Rickard,162
Gilford,162
Junious,162
Bernhard,161
Lamarr,161
Carole,161
Little,161
Adrien,161
Michial,161
Schuyler,161
Blaise,160
Ladd,160
Marshell,160
Steward,160
Belton,160
Tobias,160
Park,160
Esau,160
Lessie,160
Wes,160
Jearld,160
Neville,159
Cris,159
Geronimo,159
Lynden,159
Essie,159
Juanita,159
Kennie,159
Guido,159
Shane,159
Alferd,159
Vaughan,159
Levester,158
Caroll,158
Alvan,158
Hillary,158
Bedford,158
Seferino,158
Colonel,158
Larence,158
Ballard,157
Thelbert,157
Julious,157
Josephus,157
Saverio,157
Derwood,157
Dionicio,157
Jerone,156
Burnis,156
Marlan,156
Diana,155
Carlisle,155
Elaine,155
Cleotha,155
Namon,155
Haskel,154
Roswell,154
Wilburt,154
Denzel,154
Donold,154
Chalmer,153
West,153
Brown,153
Jock,153
Gorge,153
Irby,153
Erling,153
Tedd,153
Virgel,153
Lin,153
Edmon,152
Montgomery,152
Ashby,152
Laymon,152
Cristobal,152
Theophilus,152
Jule,152
Zeb,152
Taft,152
Roberta,152
Rufino,152
Armin,152
Ceasar,151
Sally,151
Webb,151
Maceo,151
Radford,151
Estevan,151
Franky,151
Scot,151
Sarah,150
Delwyn,150
Isaias,150
Dixie,150
Lacey,150
Alma,150
Herschell,150
Claiborne,150
Jakie,150
Cloyce,150
Norberto,150
Chalmers,150
Lindon,150
Sabino,149
Page,149
Orlan,149
Hervey,149
Burney,149
Cleophas,149
Hercules,149
Payton,148
Halbert,148
Philippe,148
Harrel,148
Arno,148
Pernell,148
Rochester,148
Severo,147
Maximo,147
Wilkie,147
Irene,146
Derrill,146
Ishmael,146
Ellen,146
Gerrit,146
Norvel,146
Cynthia,146
Alexis,146
Arlington,146
Mccoy,145
Samson,145
Ramond,145
Cicero,145
Librado,145
Michiel,145
Orman,145
Quinn,145
Young,145
Clell,145
Shedrick,145
Michale,144
Ardis,144
Purvis,144
Merwyn,144
Basilio,144
Rolla,144
Rondall,144
Wright,144
Delos,144
Beauford,144
Cephus,144
Orvel,143
Leverne,143
Trenton,143
Manning,143
Jarold,143
Earvin,143
Silverio,143
Burnie,143
Eleazar,143
Darcy,142
Budd,142
Evaristo,142
Gurney,142
Jearl,142
Gentry,142
Beecher,142
Theotis,142
Dewain,142
Hiawatha,142
Carver,142
Eunice,141
Mildred,141
Carlin,141
Camilo,141
Melbourne,141
Curry,141
French,141
Ewing,141
Glover,141
Rommie,140
Yale,140
Buel,140
Gussie,140
Darlene,140
Sue,139
Paulo,139
Bentley,139
Ellie,139
Rennie,139
Mayo,139
Cheryl,139
Salvadore,139
Rita,139
Jeryl,139
Mathias,139
Mauricio,139
Delane,139
Lewie,138
Garald,138
Sherrell,138
Pascal,138
Chip,138
Farrel,138
Meyer,138
Wilfrid,138
Jacque,138
Marlow,138
Roque,138
Terryl,138
Thor,137
Winslow,137
Charlton,137
Olaf,137
Adrain,137
Colby,137
Candido,137
Stevens,137
Horacio,137
Orson,137
Collie,137
Cornelio,137
Woodson,137
Toy,136
Hipolito,136
Kirt,136
Lehman,136
Glade,136
Micky,136
Lorraine,136
Norvin,136
Kelsey,136
Dolan,135
Robet,135
Waddell,135
Mallory,135
Mackey,135
Ty,135
Langston,135
Derryl,135
Wray,135
Roney,135
Irven,134
Sylvia,134
Archer,134
Rey,134
Jackey,134
Emmette,133
Hurshel,133
Lennard,133
Bret,133
Hamp,133
Cleatus,133
Thermon,133
Raeford,132
Darrol,132
Merril,132
Corbin,132
Kraig,132
Willaim,131
Winifred,131
Broadus,131
Orvis,131
Alfonse,131
Campbell,131
Phill,131
Mickel,131
Marlowe,130
Katherine,130
Baltazar,130
Tucker,130
Truett,130
Harding,130
Placido,130
Lanier,130
Marlo,130
Clois,130
Jerrald,130
Dusty,130
Harvy,130
Kingsley,129
Kelton,129
Bethel,129
Mickael,129
Lauro,129
Filiberto,129
Windle,129
Vinton,129
Lawyer,129
Nunzio,129
Lem,129
Wilma,128
Claudell,128
Creed,128
Reagan,128
Seldon,128
Michele,128
Rosco,128
Wash,128
Parris,128
Gorman,128
Elie,128
Joann,127
Justo,127
Butler,127
Elson,127
Orvin,127
Crispin,127
Ramsey,127
Hallie,127
Celso,127
Carman,126
Estil,126
Encarnacion,126
Julia,126
Andrea,126
Grafton,126
Linnie,125
Drexel,125
Heber,125
Alpha,125
Tyrus,125
Griffith,125
Ventura,125
Adalberto,125
Cline,125
Starling,125
Bernardino,125
Dow,125
Rito,125
Evertt,124
Rulon,124
Perfecto,124
Laroy,124
Kendal,124
Eben,124
Rigoberto,124
Darry,124
Joeseph,124
Rosa,124
Hadley,123
Casimer,123
Erle,123
Greggory,123
Muriel,123
Brien,123
Ester,122
Clearance,122
Doy,122
Tracey,122
Berl,122
Luverne,122
Keneth,122
Konrad,122
Jacqueline,121
Jene,121
Orion,121
Skipper,121
Georgia,121
Fleming,121
Charls,121
Joanne,121
Shirl,121
Comer,121
Barclay,121
Royden,120
Alphonza,120
Parnell,120
Merrick,120
Carlon,120
Darris,120
Gaylan,120
Sinclair,120
Gillis,120
Gideon,120
Armon,120
Bayard,119
Lemon,119
Brantley,119
Aubery,119
Gabe,119
Wallis,119
Gordan,119
Vernice,118
Herby,118
Shellie,118
Connell,118
Lavell,118
Renard,118
Lowry,118
Hoy,117
Stanly,117
Liston,117
Hubbard,117
Glenda,117
Bucky,117
Cooper,117
Cortez,117
Rae,117
Cresencio,117
Loyce,117
Karol,117
Natale,117
Ole,116
Kendell,116
Terril,116
Waldon,116
Irvine,116
Donley,116
Herald,116
Walden,116
Nash,115
Fate,115
Anita,115
Renaldo,115
Harper,115
Livingston,115
Manfred,115
Alcide,114
Benjaman,114
Jens,114
Ric,114
Linford,114
Ozie,114
Kalman,114
Elva,114
Sullivan,114
Mannie,114
Elgie,114
Rebecca,114
Emma,113
Tolbert,113
Nathanial,113
Danney,113
Inez,113
Paige,113
Gibson,113
Arthor,113
Julien,113
Theodor,113
Kerwin,113
Billey,113
Delmus,113
Delores,113
Kary,113
Farley,113
Rumaldo,113
Williard,112
Mateo,112
Bufford,112
Lonzie,112
Bryson,112
Veryl,112
Christie,112
Medford,112
Boris,112
Lenoard,112
Zollie,112
Arville,112
Chadwick,112
Isidoro,112
Lenton,111
Morrison,111
Roe,111
Worley,111
Hall,111
Tyson,111
Noland,111
Gerome,111
Raiford,111
Knox,111
Americo,111
Reginal,110
Lennon,110
Elam,110
Ivery,110
Buren,110
Loyde,110
Silvestre,110
Einar,110
Solon,110
Wells,110
Ulysee,109
Hansford,109
Iven,109
Jenny,109
Donnis,109
Britton,109
Gery,109
Linville,109
Apolinar,109
Loye,109
Talbert,109
Kemp,109
Garrison,109
Nyle,109
Lemar,108
Lyndel,108
Hebert,108
Harl,108
Gaither,108
Johnell,108
Darol,108
Sonnie,108
Reinhold,108
Serge,108
Eileen,108
Rossie,108
Clearnce,108
Corky,108
Donavan,108
Paula,108
Colbert,107
Cesario,107
Adron,107
Servando,107
Arvis,107
Lindley,107
Lige,107
Eligio,107
Glendell,107
Ammon,107
Ethel,106
Justus,106
Rondell,106
Perley,106
Doroteo,106
Darryll,106
Sander,106
Alger,106
Deon,106
Everardo,105
Tino,105
Orren,105
Teofilo,105
Theresa,105
Buell,105
Laura,105
Lorenz,105
Raynold,105
Clenton,105
Benjamen,105
Marland,105
Alvester,105
Amon,105
Nate,105
Marcell,105
Ruffin,105
Ruffus,105
Tilman,105
Tilford,105
Salvator,104
Lyndal,104
Thelma,104
Orris,104
Juventino,104
Hale,104
Harlie,104
Matthews,104
Mozell,104
Herminio,104
Elvie,104
Clayborn,104
Ella,103
Silvester,103
Magdaleno,103
Carvel,103
Arron,103
Kennon,103
Weyman,103
Ulyses,103
Asher,103
Nehemiah,103
Barnard,103
Lendon,103
Erie,103
Leodis,102
Gunnar,102
Lendell,102
Garrie,102
Kennedy,102
Mitch,102
Rockne,102
Jerrol,102
Gilmore,102
Kathryn,102
Bernabe,102
Duard,102
Mart,102
Dal,102
Humphrey,101
Burr,101
Isidore,101
Egbert,101
Mickeal,101
Gust,101
Sixto,101
Pervis,101
Timm,101
Carles,101
Rolfe,101
Lillie,101
Leanord,101
Charle,100
Ambrosio,100
Randolf,100
Hartwell,100
Hewitt,100
Mercer,100
Gaspar,100
Colen,100
Hazen,100
Vick,100
Lorn,100
Josephine,100
Woodford,100
Vertis,99
Levie,99
Marlen,99
Conard,99
Terance,99
Marcial,99
Flavio,99
Lilburn,99
Myrle,99
Loris,99
Sunny,99
Carrell,99
Bing,99
Kern,99
German,99
Dallis,99
Rodell,99
Zeke,99
Benjamine,98
Lemmie,98
Lansing,98
Danford,98
Gregor,98
Mont,98
Tilden,98
Marvis,98
Darryle,98
Hardin,98
Suzanne,98
Gean,98
Jeri,98
Jerrie,98
Eulis,98
Ancel,97
Aden,97
Osie,97
Benigno,97
Leandrew,97
Manual,97
Tandy,97
Orbie,97
Larwence,97
Paschal,96
Bascom,96
Mcdonald,96
Bartlett,96
Lavelle,96
Shepard,96
Virgie,96
Daren,96
Casimiro,96
Othel,96
Raynard,96
Lindel,96
Purnell,96
Curlee,96
Sandford,96
Laurin,95
Rozell,95
Augie,95
Alwin,95
Erland,95
Eva,95
Constance,95
Fairley,95
Abran,94
Delford,94
Colie,94
Zebedee,94
Stonewall,94
Rodgers,94
Tilmon,94
Elder,94
Margie,94
Nino,94
Doyne,94
Dewaine,94
Jeffie,94
Marquis,94
Ivor,93
Rosie,93
Welford,93
Victoriano,93
Lenon,93
Gleen,93
Serafin,93
Temple,93
Jessy,93
Kimberly,93
Derral,93
Pearlie,93
Woodroe,93
Concepcion,93
Deloy,93
Garlan,93
Simpson,92
Erroll,92
Pleas,92
Murrel,92
Elmon,92
Lowery,92
Harald,92
Niels,92
Alston,92
Hershal,92
Cosimo,92
Donel,92
Lamon,92
Dillon,92
Knute,92
Esther,92
Peder,92
Byrl,92
Abdul,91
Melven,91
Darrold,91
Cephas,91
Kenn,91
Edna,91
Marino,91
Sotero,91
Excell,91
Atlas,90
Rock,90
Sheila,90
Jeral,90
Hanson,90
Vearl,90
Reinaldo,90
Renny,90
Velton,90
Terral,90
Sigurd,90
Lillian,90
Gabino,90
Tarry,90
Hulen,90
Gerhardt,90
Langdon,89
Yvonne,89
Manson,89
Stevenson,89
Rockie,89
Arvie,89
Lonie,89
Erman,89
Richardo,89
Hardie,89
Estle,89
Euel,89
Manly,89
Caldwell,89
Robinson,89
Cass,89
Avelino,89
Ronda,89
Alf,88
Pilar,88
Guilford,88
Quintin,88
Socorro,88
Carvin,88
Darwyn,88
Lavaughn,88
Amadeo,88
Barnie,88
Fausto,88
Kirkland,88
Darby,88
Mikeal,88
Cortland,87
Eugune,87
Vicky,87
Prescott,87
Lisle,87
Timoteo,87
Rolly,87
Patton,87
Pauline,87
Lillard,87
Harvard,87
Arnell,87
Lorence,87
Freddrick,87
Lovie,87
Florence,87
Yancy,86
Cosme,86
Dail,86
Deborah,86
Mickie,86
Jeanne,86
Robb,86
Ranny,86
Davied,86
Hurbert,86
Seaborn,86
Abelino,86
Ruperto,86
Damien,86
Gailen,86
Hoke,86
Robie,86
Renald,86
Owens,86
Salome,86
Rosemary,85
Hinton,85
Dolph,85
Mae,85
Lonell,85
Earley,85
Amando,85
Maxey,85
Toni,85
Elray,85
Vander,85
Raye,85
Byrd,85
Gavino,85
Ovid,84
Jud,84
Moody,84
Lathan,84
Claudius,84
Levert,84
Vonnie,84
Parks,84
Jayson,84
Orlo,84
Ely,84
Ogden,84
Champ,84
Merced,84
Rockey,84
Rutherford,84
Onnie,84
Pasqual,84
Leman,84
Nicola,84
Sewell,84
Bertha,84
Arlee,83
Frederich,83
Linzy,83
Lynnwood,83
Cayetano,83
Laney,83
Crosby,83
Ladell,83
Loretta,83
Mansfield,83
Jammie,83
Meryl,83
Thomes,83
Cleven,82
Fortunato,82
Edith,82
Lue,82
Dianne,82
Audley,82
Auburn,82
Tyron,82
Arlene,82
Moshe,82
Claudia,82
Orbin,82
Jeanette,82
Marcia,81
Alpheus,81
Kieran,81
Valdemar,81
Wilmon,81
Raybon,81
Burtis,81
Octaviano,81
Spence,81
Maximino,81
Axel,81
Wilbern,81
Guss,81
Wiliam,80
Marian,80
Kaye,80
Luigi,80
Arliss,80
Rabon,80
Timmothy,80
Elbridge,80
Abie,80
Demetrius,80
Darrow,80
Carney,80
Delmont,80
Loras,79
Dimas,79
Ladon,79
Ollis,79
Dewane,79
Arie,79
Benford,79
Blase,79
Eustace,79
Artemio,79
Pieter,79
Alen,79
Deforest,79
Severiano,79
Braulio,78
Bronson,78
Burleigh,78
Cy,78
Brodie,78
Avis,78
Ledell,78
Laron,78
Sameul,78
Marrion,78
Carley,78
Kathy,78
Kemper,78
Lenzy,77
Luz,77
Ubaldo,77
Ronaldo,77
Lenward,77
Bertie,77
Brownie,77
Sabas,77
Ulysees,77
Armen,77
Marjorie,77
Garrick,77
Emiliano,77
Elsworth,76
Baldomero,76
Clara,76
Brandt,76
Harrie,76
Audry,76
Tollie,76
Marlene,76
Rowan,76
Channing,76
Filbert,76
Boston,76
Eulogio,76
Eleanor,76
Herchel,76
Levell,76
Denney,76
Holmes,76
Carrie,76
Marshel,75
Hassel,75
Parke,75
Adolf,75
Gilles,75
Donnald,75
Nieves,75
Con,75
Marvel,75
Ygnacio,75
Francois,75
Dayne,75
Daymon,75
Selby,75
Wille,75
Nora,75
Lynford,75
Toribio,75
Ferd,75
Weaver,75
Mortimer,75
Minnie,75
Hughes,75
Lea,74
Faye,74
Lonney,74
Geoff,74
Laren,74
Gearl,74
Conny,74
Colman,74
Rockwell,74
Valente,74
Bertis,74
Handy,74
Elester,74
Mathis,74
Seward,74
Rondle,74
Alonso,74
Orange,73
Regan,73
Cliffton,73
Morrie,73
Reg,73
Ardie,73
Lucille,73
Paulino,73
Anne,73
Waldemar,73
Eulas,73
Grace,73
Zeno,73
Arcadio,73
Delmon,72
Almer,72
Morley,72
Rolan,72
Boby,72
Lake,72
Dickson,72
Samie,72
Dimitri,72
Blain,72
Meade,72
Hildred,72
Selwyn,71
Ottie,71
Mattie,71
Cirilo,71
Elihu,71
Skippy,71
Dennison,71
Berle,71
Clance,71
Hersey,71
Ceaser,71
Leonidas,71
Morey,71
Larnell,71
Watt,71
Jefferey,71
Carrel,71
Atlee,71
Erby,70
Murel,70
Tomie,70
Garlon,70
Keenan,70
Wilfredo,70
Harve,70
Everet,70
Annette,70
Texas,70
Dougles,70
Ermon,70
Irl,70
Durell,70
Jiles,70
Brook,70
Arleigh,70
Horton,70
Hester,69
Ova,69
Primitivo,69
Barth,69
Rhea,69
Rollo,69
Robyn,69
Robley,69
Pink,69
Anders,69
Wm,69
Donaciano,69
Mace,69
Mal,69
Gwen,69
Monnie,69
Burns,69
Izell,69
Renato,69
Baker,69
Matthias,69
Garvis,68
Arbie,68
Beau,68
Charlene,68
Duffy,68
Legrand,68
Justice,68
Alwyn,68
Olden,68
Obed,68
Milas,68
Raliegh,68
Geno,68
Elma,67
Reubin,67
Nello,67
Selden,67
Landry,67
Saturnino,67
Constantino,67
Hillis,67
Hughey,67
Lysle,67
Alven,67
Camillo,67
Rannie,67
Wilhelm,67
Philbert,67
Durand,67
Glendal,67
Elex,66
Saint,66
Chaim,66
Francesco,66
Romulo,66
Tobe,66
Patterson,66
Ascencion,66
Levan,66
Hermann,66
Morrell,66
Grey,66
Floyde,66
Iris,66
Leobardo,66
Aurthur,66
Mills,66
Beverley,65
Jerral,65
London,65
Othello,65
Evon,65
Purcell,65
Loney,65
Colvin,65
Dahl,65
Glennie,65
Glendale,65
Dossie,65
Ali,65
Tilton,65
Cranston,65
York,65
Elpidio,65
Beatrice,65
Climmie,65
Romaine,65
Lenzie,65
Obbie,65
Randol,64
Johnn,64
Quitman,64
Quinten,64
Erving,64
Gwyn,64
Hillery,64
Shepherd,64
Carle,64
Milledge,64
Erskin,64
Penny,64
Berkeley,64
Carlson,64
Sven,63
Bennet,63
Lorren,63
Renee,63
Gwendolyn,63
Melburn,63
Vickie,63
Ronn,63
Dorwin,63
Freemon,63
Karlton,63
Heath,63
Abbott,63
Harwood,63
Frederico,63
Gareld,63
Glenford,63
Nathanael,63
Reo,63
Murlin,63
Claxton,63
Selmer,63
Sisto,63
Euell,62
Darroll,62
Mendel,62
Geral,62
Roberts,62
Lonza,62
Marston,62
Hoyte,62
Reuel,62
Devere,62
Lecil,62
Ames,62
Bernerd,62
Clancy,62
Roma,62
Claudis,62
Augusto,62
Gladys,62
Esaw,62
Thane,62
Asbury,62
Truitt,62
Sheryl,62
Monico,62
Orrie,62
Elsie,62
Maureen,62
Rondel,62
Yancey,62
Vernis,61
Harless,61
Geroge,61
Anthoney,61
Thayer,61
Maxine,61
Bary,61
Doc,61
Marsha,61
Leary,61
Belvin,61
Talbot,61
Lorrin,61
Herold,61
Addie,61
Urbano,61
Governor,61
Carthel,61
Lelon,61
Gleason,60
Banks,60
Marcello,60
Ovidio,60
Higinio,60
Auston,60
Levin,60
Oval,60
Winferd,60
Flynn,60
Rivers,60
Dannis,60
Elizah,60
Sara,60
Wilmot,60
Quenton,60
Nazario,60
Gordy,59
Eleno,59
Ulysess,59
Tobey,59
Marven,59
Ida,59
Filemon,59
Shermon,59
Leonce,59
Ren,59
Cassius,59
Thayne,59
Denson,59
Patty,59
Freeland,59
Refujio,59
Deno,59
Bonny,59
Erven,59
Lyndall,59
Raynor,59
Malvern,59
Victory,58
Lynda,58
Asencion,58
Garlin,58
Fielding,58
Leeman,58
Clayburn,58
Windel,58
Lynell,58
Starr,58
Burdell,58
Cam,58
Gearold,58
Elijio,58
Jc,58
Lorry,58
Jessee,58
Alejo,58
Hammond,58
Bland,58
Iver,58
Jobie,58
Troyce,58
Ephriam,58
Chase,58
Lelan,58
Rubert,58
Pershing,58
Estes,57
Lenville,57
Lennart,57
Jacobo,57
Bobie,57
Odean,57
Smiley,57
Dencil,57
Kipp,57
Bradly,57
Lonzell,57
Kimble,57
Willia,57
Kermitt,57
Harden,57
Collier,57
Obert,57
Enrigue,57
Sherril,57
Oather,57
Kearney,57
Alvia,57
Fredrich,57
Christos,57
Hassell,57
Rembert,57
Vandy,57
Verlan,57
Hill,57
Blanchard,56
Torrence,56
Rudell,56
Cleotis,56
Leory,56
Kerney,56
Leno,56
Greer,56
Littleton,56
Menno,56
Ralston,56
Reynard,56
Huel,56
Lundy,56
Aristeo,56
Lofton,56
Elridge,56
Burlin,56
Barnet,56
Venson,56
Jolly,55
Alto,55
Squire,55
Hattie,55
Hanley,55
Ormond,55
Lannis,55
Lanis,55
Greig,55
Myers,55
Lexie,55
Whit,55
Bartolo,55
Elven,55
Halsey,55
Luby,55
Wayde,55
Rachel,55
Derwin,55
Landy,55
Remus,55
Verna,54
Wilborn,54
Rees,54
Migel,54
Kinney,54
Ander,54
Bernis,54
Williom,54
Raven,54
Evander,54
Aurther,54
Daivd,54
Meliton,54
Neldon,54
Jarrel,54
Newt,54
Plummer,54
Jarry,54
Pleasant,53
Alain,53
Fransico,53
Jaye,53
Derril,53
Lebron,53
Alban,53
Nicki,53
Macky,53
Alson,53
Kennis,53
Lonnell,53
Eligha,53
Oley,53
Pressley,53
Zenon,53
Almond,53
Ronnell,53
Victoria,53
Donnel,53
Melchor,53
Dionisio,53
Brewster,53
Drayton,53
Le,53
Eladio,53
Prudencio,53
Wallie,53
Crist,53
Domenico,52
Glendel,52
Jhonny,52
Arvell,52
Olie,52
Maximiliano,52
Buzz,52
Danie,52
Hartford,52
Richad,52
Elige,52
Eliazar,52
Telford,52
Darren,52
Onesimo,52
Soloman,52
Aureliano,52
Philmore,52
Burnard,52
Garrell,52
Hillman,52
Elery,52
Lovett,52
Nathen,51
Odus,51
Darald,51
Gerson,51
Ples,51
Curlie,51
Carlee,51
Felice,51
Parry,51
Janie,51
Clary,51
Hue,51
Anibal,51
Bo,51
Ferrel,51
Duayne,51
Karry,51
Udell,51
Jeffory,51
Erin,51
Normon,51
Sandor,51
Rockford,51
Edelmiro,50
Aniceto,50
Rico,50
Jordon,50
Gerrald,50
Dene,50
Maylon,50
Kenwood,50
Remigio,50
Fremont,50
Benjie,50
Eluterio,50
Harvel,50
Loel,50
Alyn,50
Guerry,50
Lucy,50
Elio,50
Hope,50
Turhan,50
Lamoine,50
Lory,50
Connor,50
Parley,50
Real,50
Caryl,50
Ola,49
Eber,49
Essex,49
Cledith,49
Fredick,49
Rande,49
Elon,49
Buckley,49
Townsend,49
Fran,49
Valerian,49
Philemon,49
Vollie,49
Amedeo,49
Galvin,49
Creig,49
Worthy,49
Henley,49
Hosey,49
Lafe,49
Lieutenant,49
Juel,49
Fillmore,49
Fredy,49
Dora,49
Rapheal,49
Josue,49
Edger,49
Ines,49
Inocencio,49
Aniello,48
Calton,48
Mikell,48
Dalbert,48
Nicanor,48
Kevan,48
Delaney,48
Wesly,48
Orley,48
Ruddy,48
Nasario,48
Craven,48
Lander,48
Creston,48
Needham,48
Chan,48
Ledford,48
Estell,48
Armstead,48
Darron,48
Biagio,48
Thurlow,48
Garen,48
Daris,48
Cherry,48
Corby,48
Acey,48
Darriel,48
Harman,48
Lazarus,48
Lenn,48
Stephens,48
Pinkney,48
Darral,48
Daryel,48
Macy,48
Lani,47
Fraser,47
Jr,47
Yolanda,47
Roosvelt,47
Richerd,47
Mcarther,47
Bonner,47
Mance,47
Barrington,47
Maryland,47
Burrel,47
Roddie,47
Overton,47
Kester,47
Vannie,47
Mordecai,47
Curly,47
Rollan,47
Lonn,47
Isham,47
Tobie,47
Geneva,47
Claudy,47
Alfonsa,47
Aime,46
Delray,46
Umberto,46
Juaquin,46
Sims,46
Algernon,46
Dorn,46
Wadell,46
Marcellous,46
Janis,46
Justino,46
Woodard,46
Gervis,46
Volney,46
Delno,46
Leanard,46
Regino,46
Ebbie,46
Vernel,46
Haynes,46
Loman,46
Merrel,46
Neely,46
Valton,46
Ronell,46
Chapman,45
Carlous,45
Bunny,45
Vilas,45
Dorse,45
Aldean,45
Hays,45
Iverson,45
Tyronne,45
Iva,45
Reeves,45
Vicki,45
Arnaldo,45
Teresa,45
Coburn,45
Coye,45
Ariel,45
Durrell,45
Abbie,45
Uvaldo,45
Leron,45
Mallie,45
Kem,45
Vestal,44
Crayton,44
Alberta,44
Desiderio,44
Luiz,44
Eleuterio,44
Tate,44
Stirling,44
Harlis,44
Phares,44
Atanacio,44
Delmos,44
Mayer,44
Lemoyne,44
Ival,44
Tully,44
Julie,44
Rosaire,44
Jonn,44
Philipp,44
Percival,44
Rome,44
Valgene,44
Murle,44
Cathy,44
Braden,44
Callie,44
Eden,44
Pasco,44
Conner,44
Mell,44
Regina,44
Horatio,44
Randie,44
Heywood,44
Jerard,44
Hanford,44
Dariel,44
Simuel,43
Milfred,43
Brion,43
Rube,43
Giacomo,43
Leldon,43
Martyn,43
Esley,43
Rinaldo,43
Tonie,43
Arrie,43
Fiore,43
Oddie,43
Granvil,43
Posey,43
Limmie,43
Elzy,43
Norville,43
Noal,43
Caswell,43
Blanton,43
Erminio,43
Hart,43
Coral,43
Eduard,43
Danne,43
Blane,43
Vasco,43
Graig,43
Starlin,42
Bertil,42
Attilio,42
Rolin,42
Milbert,42
Sherrel,42
Kimber,42
Sloan,42
Duff,42
Rogerio,42
Everitt,42
Dolton,42
Lewellyn,42
Currie,42
Elby,42
Ivon,42
Corbet,42
Laurier,42
Albertus,42
Zannie,42
Ollen,42
Reginold,42
Edwards,42
Jeffrie,42
Acy,42
Revis,42
Tonny,42
Read,42
Robbert,42
Juanito,42
Council,42
Roxie,42
Crespin,42
Branson,41
Dewight,41
Dain,41
Bobbye,41
Octave,41
Tonnie,41
Lavere,41
Orlyn,41
Estanislado,41
Ordell,41
Larnce,41
Carlus,41
Georges,41
Kalvin,41
Welby,41
Uriah,41
Rollen,41
Howie,41
Holley,41
Clide,41
Commodore,41
Leeland,41
Linzie,41
Doss,41
Romey,41
Floy,41
Torrey,41
Cesare,41
Azell,41
Letcher,41
Artha,40
Kinneth,40
Sylvanus,40
Link,40
Fermon,40
Lenell,40
Tipton,40
Fortino,40
Romero,40
Paulette,40
Edouard,40
Verbon,40
Lilton,40
Jerl,40
Riccardo,40
Jeronimo,40
Londell,40
Leotha,40
Janes,40
Elvert,40
Daneil,40
Allard,40
Cort,40
Priscilla,40
Virgilio,40
Kennieth,40
Eugean,40
Sterlin,40
Holman,40
Tiburcio,40
Layman,40
Aram,40
Windsor,40
Donzell,40
Sheppard,40
Guinn,40
Tennyson,40
Addis,39
Lang,39
Wyndell,39
Ruble,39
Delman,39
Lola,39
Gillermo,39
Elward,39
Gomer,39
Fread,39
Esco,39
Mansel,39
Dyke,39
Telesforo,39
Serapio,39
Meldon,39
Donat,39
Saintclair,39
Theordore,39
Keven,39
Holbert,39
Atwood,39
Jae,39
Redmond,39
Bessie,39
Duel,39
Haley,39
Foye,39
Rochelle,39
Karel,39
Maxim,39
Levorn,38
Ardean,38
Diamond,38
Verland,38
Hershall,38
Murdock,38
Lyall,38
Luvern,38
Westly,38
Wilferd,38
Job,38
Samule,38
Bueford,38
Dawn,38
Marsh,38
Remo,38
Ovie,38
Irma,38
Vaden,38
Marin,38
Viola,38
Gentle,38
Baird,38
Esker,38
Astor,38
Matilde,38
Barkley,38
Eual,38
Barre,38
Velma,38
Hernan,38
Bernhardt,38
Sherrod,38
Kenard,38
Love,38
Kelsie,38
Raymound,38
Bowen,38
Brack,38
Spiro,38
Hodges,38
Dwyane,37
Ara,37
Rober,37
Veldon,37
Albion,37
Morse,37
Rainey,37
Hyrum,37
Johan,37
Larson,37
Constant,37
Borden,37
Osvaldo,37
Dorsie,37
Selma,37
Angela,37
Nellie,37
Perrin,37
Oree,37
Chancey,37
Mckenzie,37
Lula,37
Drue,37
Celester,37
Carry,37
Lenis,37
Gradie,37
Markus,37
Sharron,37
Thurl,36
Fannie,36
Alphonsa,36
Joenathan,36
Yates,36
Jerol,36
Benedetto,36
Tommye,36
Hezzie,36
Malon,36
Arlester,36
Eliberto,36
Abron,36
Salbador,36
Filmore,36
Eutimio,36
Liborio,36
Sherley,36
Havard,36
Lum,36
Carrington,36
France,36
Guthrie,36
Herve,36
May,36
Merel,36
Corydon,36
Irineo,36
Roye,35
Alison,35
Fayette,35
Marinus,35
Emeterio,35
Gaspare,35
Clayborne,35
Roxy,35
Eustacio,35
Visente,35
Jerauld,35
Garon,35
Elston,35
Garrel,35
Odes,35
Alvy,35
Lasalle,35
Fitzhugh,35
Ervan,35
Deral,35
Terrace,35
Devin,35
Celedonio,35
Juluis,35
Deleon,35
Willford,35
Onis,35
Hershey,35
Ulis,34
Binnie,34
Abundio,34
Steele,34
Doil,34
Tomy,34
Santana,34
Josph,34
Artist,34
Vera,34
Doyl,34
Dozier,34
Garl,34
Georg,34
Wilmar,34
Dessie,34
Marsden,34
Autrey,34
Nemiah,34
Cliffard,34
Cora,34
Mikael,34
Laymond,34
Napolean,34
Nigel,34
Vermon,34
Aleck,34
Hermilo,34
Ivar,33
Goldie,33
Dabney,33
Ludie,33
Cleave,33
Emily,33
Hobson,33
Wynne,33
Afton,33
Jac,33
Crandall,33
Zell,33
Hulan,33
Anacleto,33
Harlyn,33
Burch,33
Eugine,33
Marley,33
Ural,33
Chilton,33
Nolon,33
Lawayne,33
Trueman,33
Waldron,33
Remi,33
Bluford,33
Zan,33
Johannes,33
Glenard,33
Calbert,33
Antonia,33
Warden,33
Tobin,33
Hillel,33
Samul,33
Macedonio,33
Demetrios,33
Redell,33
Maitland,32
Mc,32
Rankin,32
Vickey,32
Searcy,32
Willey,32
Markham,32
Norah,32
Rawlin,32
Ronnel,32
Wendle,32
Winnie,32
Verlie,32
Wetzel,32
Osborn,32
Vincente,32
Levone,32
Savino,32
Michail,32
Ridley,32
Orlie,32
Loreto,32
Jerri,32
Garnie,32
Craige,32
Hargis,32
Haig,32
Aris,32
Chas,32
Holden,32
Hiroshi,32
Jennie,32
Andreas,32
Judah,32
Dorrance,32
Charleston,32
Breck,32
Garnell,32
Gwynn,32
Javan,32
Burel,32
Gwin,31
Alexandro,31
Rubel,31
Cleland,31
Denman,31
Maurilio,31
Marcy,31
Terris,31
Kerby,31
Quince,31
Karon,31
Thomos,31
Dowell,31
Stanislaus,31
Dorie,31
Harvest,31
Alejos,31
Mat,31
Linsey,31
Ahmed,31
Woodward,31
Mikal,31
Iran,31
Amiel,31
Lena,31
Ewald,31
Jeptha,31
Benn,31
Kingston,31
Leavy,31
Standley,31
Duglas,31
Churchill,31
Lealon,31
Stephenson,31
Maryann,31
Ervine,31
Adolpho,31
Huie,31
Karey,31
Daron,30
Denvil,30
Burnette,30
Jd,30
Ysabel,30
Elihue,30
Michell,30
Daymond,30
Gael,30
Dawayne,30
Saunders,30
Ordean,30
Geoffery,30
Grove,30
Josie,30
Glyndon,30
Tinsley,30
Oland,30
Edgardo,30
Raymondo,30
Ricard,30
Rea,30
Rudolpho,30
Ervie,30
Rondy,30
Marko,30
Ildefonso,30
Geoffry,30
Hurman,30
Ponciano,30
Fern,30
Ranson,30
Emitt,30
Obadiah,29
Alphonsus,29
Ananias,29
Wood,29
Cliford,29
Oswaldo,29
Brinton,29
Bari,29
Bowman,29
Ferdie,29
Chancy,29
Theopolis,29
Juvenal,29
Artemus,29
Elia,29
Reynald,29
Terrie,29
Epimenio,29
Jorje,29
Orel,29
Marten,29
Ersel,29
Naaman,29
Render,29
Valerie,29
Inman,29
Lenox,29
Zigmund,29
Durwin,29
Grabiel,29
Amel,29
Belford,29
Aubra,29
Laurice,29
Orlander,29
Ronne,29
Raywood,29
Eulice,29
Teryl,29
Derick,29
Humbert,29
Primo,29
Brigido,29
Rual,29
Melroy,29
Jomes,28
Alcee,28
Clerance,28
Harrington,28
Odies,28
Rockney,28
Kennett,28
Hilmer,28
Lavonne,28
Eugen,28
Graciano,28
Lauri,28
Berwyn,28
Ricke,28
Carmello,28
Ikey,28
Susie,28
Arsenio,28
Oreste,28
Griff,28
Bernal,28
Berman,28
Criss,28
Tillmon,28
Kenna,28
Lorance,28
Edgel,28
Bard,28
Birney,28
Shade,28
Dohn,28
Cato,28
Blayne,28
Spero,28
Nyal,28
Holt,28
Lalo,28
Rhys,27
Christobal,27
Richardson,27
Bradd,27
Remy,27
Aldrich,27
Merion,27
Clydell,27
Micah,27
Mcclellan,27
Achille,27
Aric,27
Levander,27
Carold,27
Conroy,27
Elmus,27
Jearold,27
Sebron,27
Warnie,27
Lydia,27
Jemmie,27
Parvin,27
Ulysse,27
Ronie,27
Jerris,27
Erbie,27
Verdis,27
Randon,27
Coby,27
Nelvin,27
Legrande,27
Joaquim,27
Rayvon,27
Easton,27
Lymon,27
Erma,27
Clennon,27
Isauro,27
Ingram,26
Tee,26
Brendon,26
Chico,26
Ivo,26
Raford,26
Everrett,26
Hommer,26
Fernie,26
Whitfield,26
Amil,26
Meril,26
Stancil,26
Thadeus,26
Quirino,26
Keller,26
San,26
Sherill,26
Rockland,26
Fuller,26
Deroy,26
Boykin,26
Alben,26
Branch,26
Delon,26
Cordie,26
Dannye,26
Danton,26
Dewell,26
Ysmael,26
Gennie,26
Lark,26
Adelaido,26
Sargent,26
Onofre,26
Lemont,26
Filimon,25
Hilman,25
Rodric,25
Densil,25
Halford,25
Rowe,25
Lyndol,25
Murvin,25
Velmer,25
Fisher,25
Camden,25
Gable,25
Paz,25
Cash,25
Lerry,25
Pepper,25
Buryl,25
Happy,25
Arzell,25
Lindle,25
Eldo,25
Hurshell,25
Everard,25
Clarion,25
Etienne,25
Pearson,25
Staley,25
Danna,25
Jill,25
Penn,25
Agnes,25
Joachim,25
Harlee,25
Ebert,25
Herley,25
Ricci,25
Lorenso,25
Onie,25
Doye,25
Reino,25
Orell,25
Merlon,25
Richey,25
Winfrey,25
Soren,25
Gordie,25
Hoover,24
Tellis,24
Arvine,24
Leonides,24
Ivin,24
Vinal,24
Madeline,24
Willim,24
Corliss,24
Ulrich,24
Weslie,24
Lindal,24
Marius,24
Alicia,24
Zebbie,24
Gregary,24
Delaine,24
Dairl,24
Drury,24
Linley,24
Nova,24
Kristian,24
Terri,24
Clevester,24
Devaughn,24
Mikey,24
Fitz,24
Julis,24
Earnestine,24
Opie,24
Leverett,24
Helmut,24
Murriel,24
Olga,24
Colton,24
Alanson,24
Rosalie,24
Mabry,24
Alvey,24
Willoughby,23
Carnel,23
Helmuth,23
Orien,23
Elmond,23
Lewin,23
Eldean,23
Bearl,23
Franchot,23
Colburn,23
Adelard,23
Maurie,23
Emelio,23
Linard,23
Bion,23
Gaynor,23
Sylvio,23
Burwell,23
Kenji,23
Benoit,23
Viviano,23
Gar,23
Olander,23
Andra,23
Herny,23
Lawarnce,23
Lomax,23
Earsel,23
Pius,23
Espiridion,23
Charlies,23
Clements,23
Okie,23
Duward,23
Averill,23
Myer,23
Violet,23
Raymund,23
Cleto,23
Kenneith,23
Festus,23
Marv,23
Melecio,23
Barnell,23
Costa,23
Gladstone,23
Magnus,23
Chriss,23
Gardiner,23
Kristopher,23
Marvell,22
Lavone,22
Bertrum,22
Levis,22
Leaman,22
Arby,22
Welborn,22
Wane,22
Ponce,22
Leray,22
Cosby,22
English,22
Zachariah,22
Varnell,22
Moss,22
Isac,22
Rudi,22
Holton,22
Laurens,22
Reford,22
Haden,22
Milon,22
Anastasio,22
Rodolph,22
Cleston,22
Veron,22
Lyndle,22
Filomeno,22
Osby,22
Kinnie,22
Earmon,22
Winn,22
Lennell,22
Baby,22
Sherron,22
Flem,22
Fredrik,22
Herndon,22
Orlen,22
Orla,22
Donie,22
Helmer,22
Algene,22
Loyed,22
Silviano,22
Wilmore,22
Whitman,22
Jobe,22
Miquel,22
Jery,22
Ell,22
Tye,22
Jenkins,22
Ronnal,22
Cassie,22
Adin,22
Laban,22
Cohen,22
Ireland,22
Romain,22
Asberry,22
Virl,22
Jeter,22
Nyles,22
Michelle,21
Tory,21
Arnel,21
Vencil,21
Gearald,21
Pearce,21
Massie,21
Mead,21
Mayford,21
Augustino,21
Barnes,21
Ezzard,21
Pearly,21
Gaylin,21
Feliberto,21
Faris,21
Nathanel,21
Curvin,21
Johnnye,21
Duval,21
Juston,21
Lc,21
Jehu,21
Elba,21
Arlander,21
Rendell,21
Delmore,21
Lamoyne,21
Stanely,21
Doyel,21
Yong,21
Johann,21
Revel,21
Smitty,21
Wilmont,21
Wirt,21
Carel,21
Alfonzia,21
Clemmon,21
Martell,21
Philo,21
Castulo,21
Roald,21
Delfin,21
Manus,21
Deloris,21
Stella,20
Deanna,20
Jettie,20
Chance,20
Admiral,20
Hearl,20
Whitt,20
Day,20
Laval,20
Bela,20
Mcauther,20
Harbert,20
Luman,20
Blease,20
Kristen,20
Silvano,20
Doak,20
Hassan,20
Sollie,20
Harrol,20
Tommey,20
Lloyde,20
Kaiser,20
Lytle,20
Rohn,20
Heron,20
Herron,20
Mingo,20
Lavan,20
Orvie,20
Dellis,20
Gerlad,20
Siegfried,20
Gerrold,20
Gid,20
Corry,20
Paxton,20
Mylo,20
Ardith,20
Jaycee,20
Pryor,20
Able,20
Cottrell,20
Waylan,20
Nabor,20
Maron,20
Daiel,20
Carless,20
Esmond,20
Coyle,20
Crescencio,20
Tedford,20
Giovanni,20
Primus,20
Jenaro,20
Nelton,19
Fleet,19
Irvan,19
Carliss,19
Dietrich,19
Redgie,19
Ambrocio,19
Isaih,19
Linward,19
Berlie,19
Tami,19
Jermiah,19
Mims,19
Erastus,19
Calhoun,19
Polo,19
Mcdaniel,19
Nixon,19
Seymore,19
Rayner,19
Dellas,19
Warnell,19
Ronel,19
Tristan,19
Donis,19
Normal,19
Colan,19
Nathaneil,19
Damacio,19
Thamas,19
Dinnis,19
Vladimir,19
Marce,19
Leona,19
Raynald,19
Elster,19
Lord,18
Avrum,18
Harriet,18
Lavoy,18
Cleaven,18
Derl,18
Tyre,18
Dareld,18
Utah,18
Woodruff,18
Frutoso,18
Rodert,18
Abby,18
Gunther,18
Nolton,18
Benno,18
Conn,18
Norfleet,18
Gumecindo,18
Lanson,18
Montford,18
Zebulon,18
Tranquilino,18
Venancio,18
Add,18
Lebert,18
Rollyn,18
Bettye,18
Gari,18
Grier,18
Valmore,18
Delois,18
Valiant,18
Delynn,18
Lister,18
Corrie,18
Bacilio,18
Sebert,18
Torrance,18
Davide,18
Armour,18
Audy,18
Lennox,18
Stormy,18
Elmar,18
Rafe,18
Willmer,18
Eural,18
Forbes,18
Ramona,18
Hersel,18
Ranald,18
Eliga,18
Eliezer,18
Virgal,18
Metro,18
Stokes,18
Redge,18
Stillman,18
Melvern,18
Jerryl,18
Macdonald,18
Eino,18
Rayman,18
Jimie,18
Othell,18
Susumu,18
Eliodoro,18
Maston,18
Sipriano,18
Capers,18
Ridgely,18
Lorrie,18
Carlan,18
Pietro,18
Ikie,18
Cabell,18
Doral,18
Rawleigh,18
Jamey,18
Clanton,18
Ettore,18
Benancio,17
Mancel,17
Uriel,17
Sedrick,17
Emidio,17
Mamie,17
Hulbert,17
Halley,17
Tennis,17
Lasaro,17
Elbie,17
Natalio,17
Jayme,17
Medardo,17
Chales,17
Marx,17
Ras,17
Arman,17
Lemual,17
Scipio,17
Thelton,17
Myrna,17
Nichols,17
Stephanie,17
Gurnie,17
Ramey,17
Tally,17
Theador,17
Marciano,17
Artice,17
Jerell,17
Thedford,17
Perkins,17
Nikki,17
Laury,17
Elvan,17
Zacarias,17
Yvon,17
Genovevo,17
Berthold,17
Cleaster,17
Tip,17
Miner,17
Aloys,17
Galan,17
Bookert,17
Odas,17
Duanne,17
Lankford,17
Denise,17
Kean,17
Cindy,17
Shelvy,17
Kinley,17
Orby,17
Robertson,17
Haward,17
Kelso,17
Clebert,17
Olive,17
Olivia,17
Donivan,17
Tivis,17
Ollin,17
Olney,17
Frederik,17
Dupree,17
Vincenzo,17
Burlon,17
Moise,17
Garlen,17
Memphis,17
Fitzgerald,17
Burdett,17
Harles,17
Severin,17
Baldwin,17
Athel,17
Mohammed,17
Orvell,17
Asie,17
Flemon,17
Linell,17
Deloyd,17
Lindwood,17
Durham,17
Choice,17
Linnell,17
Glenden,16
Court,16
Silver,16
Friddie,16
Nealy,16
Culver,16
Ulys,16
Goerge,16
Brannon,16
Garrey,16
Crockett,16
Canuto,16
Theoplis,16
Ormand,16
Policarpio,16
Danilo,16
Garcia,16
Remijio,16
Dany,16
Danuel,16
Cassell,16
Dub,16
Eulie,16
Forster,16
Talton,16
Rexie,16
Offie,16
Sherald,16
Thomson,16
Carr,16
Claron,16
Theodus,16
Dianna,16
Trygve,16
Antonino,16
Jerroll,16
Wadie,16
Ance,16
Lawarence,16
Jeb,16
Myra,16
March,16
Karle,16
Jb,16
Less,16
Larey,16
Wallice,16
Ansley,16
Keary,16
Mauri,16
Zed,16
Arney,16
Irie,16
Miachel,16
Jhonnie,16
Locke,16
Jospeh,16
Ausencio,16
Martel,16
Harlo,16
Lancelot,16
Jary,16
Leemon,16
Chucky,15
Asuncion,15
Burlie,15
Roark,15
Toussaint,15
Alfreddie,15
Vennie,15
Durant,15
Thoms,15
Willett,15
Clee,15
Agostino,15
Hearold,15
Darvis,15
Woodley,15
Dois,15
Deland,15
Onofrio,15
Tiny,15
Dom,15
Cloys,15
Lael,15
Rikki,15
Hendrick,15
Lovelace,15
Lanie,15
Lanney,15
Hance,15
Doren,15
Fowler,15
Deloss,15
Rondie,15
Rhonald,15
Limuel,15
Atwell,15
Felis,15
Cirildo,15
Johnathon,15
Rawley,15
Nilo,15
Wilder,15
Estus,15
Cain,15
Myrtle,15
Ellwyn,15
Jeannette,15
Quin,15
Milt,15
El,15
Dailey,15
Marvie,15
Neddie,15
Proctor,15
Hartman,15
Lenus,15
Phineas,15
Emerick,15
Marris,15
Jacquelyn,15
Enrrique,15
Harvin,15
Marcella,15
Hunt,15
Nicklas,15
Joby,15
Burnham,15
Jewett,15
Panfilo,15
Eward,15
Hosia,15
Jett,15
Anselm,15
Boysie,15
Ransome,15
Eldin,15
Versie,15
Cecilia,15
Royall,15
Eula,15
Dona,15
Alcario,14
Kenward,14
Bracy,14
Lora,14
Bradlee,14
Heinz,14
Wendal,14
Kenner,14
Richrd,14
Plato,14
Argie,14
Quay,14
Swanson,14
Ignazio,14
Andrei,14
Tharon,14
Mcauthor,14
Paddy,14
Mcclinton,14
Rody,14
Reinhardt,14
Sostenes,14
Menachem,14
Lucion,14
Hervie,14
Vinny,14
Vinnie,14
Tildon,14
Fontaine,14
Rhonda,14
Dorance,14
Kellis,14
Lyal,14
Jace,14
Nolberto,14
Darryel,14
Benuel,14
Lewayne,14
Benney,14
Rosser,14
Dempsy,14
Ac,14
Zoltan,14
Rolen,14
Langford,14
Birl,14
Babe,14
Upton,14
Montague,14
Gillie,14
Salem,14
Caroline,13
Flora,13
Abdullah,13
Boone,13
Ermal,13
Orian,13
Hannibal,13
Leston,13
Lanning,13
Garson,13
Simone,13
Isador,13
Berlon,13
Claybon,13
Jarl,13
Genevieve,13
Renold,13
Willkie,13
Gualberto,13
Andrus,13
Mancil,13
Eldrige,13
Ulice,13
Cedell,13
Byard,13
Ethridge,13
Gerrard,13
Ulyess,13
Corley,13
Levoy,13
Susano,13
Johnston,13
Wilgus,13
Frans,13
Rena,13
Harace,13
Elick,13
Argyle,13
Rollins,13
Aurelius,13
Pinckney,13
Takashi,13
Garet,13
Delyle,13
Cleburn,13
Aristides,13
Jamas,13
Nathon,13
Albaro,13
Carlyn,13
Gaius,12
Darnel,12
Facundo,12
Geoge,12
Clent,12
Devan,12
Beuford,12
Raymand,12
Ralf,12
Rosemarie,12
Felder,12
Ector,12
Hoarce,12
Reedy,12
Vaun,12
Terre,12
Morry,12
Earlis,12
Latham,12
Jeffre,12
Lonzy,12
Danis,12
Amelia,12
Jory,12
Ascension,12
Reeder,12
Mcauthur,12
Ramie,12
Crecencio,12
Lavar,12
Kirke,12
Gertrude,12
Clerence,12
Ulric,12
Hubbert,12
Jeron,12
Paublo,12
Edwyn,12
Storm,12
Clester,12
Enis,12
Den,12
Kiyoshi,12
Elgene,12
Eusevio,12
Thaddius,12
Ramsay,12
Hoye,12
Beldon,12
Lenford,12
Sheffield,12
Malcomb,12
Cleofas,12
Lauritz,12
Rawland,12
Veronica,12
Anthon,12
Denison,12
Ewart,12
Romaldo,12
Gustavus,12
Chipper,12
Melva,12
Fonnie,12
Garris,12
Ardon,12
Merlen,12
Olegario,12
Dorr,12
Kedrick,12
Laray,12
Ernestine,12
Sedric,12
Alfie,12
Mickle,12
Shlomo,12
Olson,12
Shurman,12
Rice,12
Clif,12
Narvel,12
Clydie,12
Cleatis,12
Bliss,12
Wavie,12
Donzel,12
Wren,12
Arlynn,12
Donnal,12
Loron,12
Tiofilo,12
Frantz,12
Blan,12
Larnie,12
Secundino,12
Harmie,12
Neils,12
Blythe,12
Esiquio,12
Quention,12
Berlyn,12
Tyra,12
Lawrnce,12
Hawthorne,12
Yves,12
Clemence,12
Margo,12
Katie,12
Rue,12
True,12
Kristofer,12
Slyvester,12
Bevan,12
Lealand,11
Ab,11
Argil,11
Raburn,11
Cranford,11
Ellard,11
Argus,11
Sammual,11
Dalen,11
Wenzel,11
Jamal,11
Jaun,11
Lesslie,11
Corneluis,11
Carolina,11
Cordis,11
Dani,11
Catalino,11
Curties,11
Jameson,11
Emmerson,11
Syd,11
Daisy,11
Casmir,11
Commie,11
Eliasar,11
Larris,11
Landrum,11
Cloy,11
Sergei,11
Claus,11
Dedrick,11
Rhodes,11
Clarkson,11
Alfio,11
Alfons,11
Cisco,11
Larance,11
Dorrell,11
Slade,11
Yoshio,11
Kazuo,11
Lottie,11
Landers,11
Donaldson,11
Agustine,11
Deotis,11
Albie,11
Derrol,11
Kreg,11
Robt,11
Loomis,11
Kervin,11
Ridge,11
Kert,11
Lorell,11
Dinnie,11
Kermith,11
Kenzie,11
Kenrick,11
Davies,11
Drewey,11
Stonie,11
Kal,11
Lynton,11
Macklin,11
Adair,11
Chares,11
Lauris,11
Cono,11
Maggie,11
Darle,11
Efrem,11
Whalen,11
Jervis,11
Zachery,11
Levaughn,11
Coolidge,11
Abbey,11
Saundra,11
Eartha,11
Chauncy,11
Jw,11
Renford,11
Allin,11
Lash,11
Willies,11
Laster,11
Seabron,11
Rejino,11
Chee,11
Reinhard,11
Alroy,11
Wilkes,11
Spike,11
Reginaldo,11
Earlon,11
Richards,11
Saford,11
Bern,11
Eulojio,11
Broughton,11
Norlan,11
Mylon,11
Fleetwood,11
Waine,11
Berten,11
Nacho,11
Atilano,11
Montey,11
Wain,11
Byran,11
Hermen,11
Trino,11
Fordyce,11
Hermenegildo,11
Tolly,11
Gailand,11
Waller,11
Montell,11
Verdon,11
Briggs,11
Oda,11
Cale,11
Iley,11
Brunson,11
Hideo,11
Gage,11
Venice,11
Hilmar,11
Mort,11
Thermond,11
Hilery,11
Bee,11
Avrom,11
Burman,11
Mcneil,11
Bolton,11
Toshio,11
Honorio,11
Arwin,11
Bertran,11
Athan,11
Sadie,11
Halton,11
Odin,11
Belmont,11
Vondell,11
Theodies,11
Nicholos,11
Mendell,11
Horald,11
Bubba,11
Estella,11
Nina,11
Martie,11
Tary,11
Graeme,11
Masao,11
Petronilo,11
Carlen,11
Phillippe,11
Harce,11
Carla,11
Marselino,11
Frazer,11
Goble,11
Neddy,11
Phelps,11
Middleton,11
Calven,11
Ishmeal,11
Freda,11
Barlow,11
Oden,11
Torris,11
Calistro,11
Hedrick,11
Marwin,11
Indalecio,11
Tereso,11
Opal,11
Hearld,10
Thorne,10
Sholom,10
Shep,10
Basel,10
Bubber,10
Ronnye,10
Kerman,10
Hancel,10
Luckie,10
Kai,10
Kenan,10
Dunbar,10
Allon,10
Aulton,10
Luvell,10
Morrill,10
Aldine,10
Mitchael,10
Genie,10
Loranzo,10
Frenchie,10
Osmond,10
Olis,10
Oliverio,10
Durl,10
Mikkel,10
Deryle,10
Alphus,10
Osceola,10
Duran,10
Junie,10
Aurel,10
Baruch,10
Sears,10
Freman,10
Jun,10
Luie,10
Atha,10
Lorie,10
Deanie,10
Rocci,10
Rochell,10
Northern,10
Selso,10
Onzie,10
Garron,10
Loveless,10
Meryle,10
Garreth,10
Ord,10
Worthington,10
Vere,10
Willman,10
Wince,10
Kempton,10
Milam,10
Alfard,10
Donne,10
Donney,10
Delia,10
Wymon,10
Cloyde,10
Hence,10
Rondald,10
Lovel,10
Heman,10
Garvey,10
Vinston,10
Omega,10
Franke,10
Wilman,10
Devern,10
Norlyn,10
Katsumi,10
Venton,10
Lindbergh,10
Bobb,10
Delmis,10
Lana,10
Hernando,10
Garwood,10
Seibert,10
Trammell,10
Keene,10
Dorin,10
Kelby,10
Fountain,10
Fount,10
Darrin,10
Muhammad,10
Nimrod,10
Terran,10
Mathews,10
Sammey,10
Coston,10
Idus,10
Gaeton,10
Ethelbert,10
Berne,10
Pelham,10
Zeferino,10
Rudolphus,10
Unice,10
Walley,10
Greene,10
Wallen,10
Pearley,10
Euclid,10
Eudell,10
Mavis,10
Arthuro,10
Danel,10
Arty,10
Eulan,10
Cecile,10
Rahn,10
Ellington,10
Lawence,10
Leocadio,10
Arkie,10
Issiah,10
Nathern,10
Eppie,10
Emmert,10
Tallie,10
Ishmel,10
Markel,10
Armondo,10
Wardie,10
Emanuele,10
Prosper,10
Elvy,10
Azel,10
Dennes,10
Elvira,10
Courtenay,10
Margarita,10
Mare,10
Aquilla,10
Elman,10
Granvel,10
Masaru,10
Rucker,10
Cortney,10
Wofford,10
Zach,10
Farmer,10
Derold,10
Jimmye,10
Levarn,10
Macarther,10
Conwell,10
Joffre,10
Burnest,10
Burness,10
Charl,10
Feltus,10
Saragosa,10
Consuelo,10
Johne,10
Gurvis,10
Bettie,10
Reddick,10
Wildon,10
Kinnith,10
Lyell,10
Burk,10
Chick,10
Ferry,10
Edman,10
Clenard,10
Harol,10
Gildardo,10
Zackie,10
Evelio,10
Bertel,10
Kirkwood,10
Arval,10
Tommas,10
Theartis,10
Elzia,9
Stony,9
Earlin,9
Ruddie,9
Usher,9
Rudie,9
Dov,9
Tighe,9
Plez,8
Melvis,8
Rip,8
Rodd,8
Rutilio,8
Takeshi,8
Ercel,8
Ulyssee,8
Nathinel,8
Robey,8
Evangelos,8
Mamon,8
Lendel,8
Minus,8
Rino,8
Randi,8
Berley,8
Timothey,8
Dallan,8
Lavert,8
Stclair,8
Sung,8
Joal,8
Glendle,8
Bryn,8
Ebb,8
Parrish,8
Flint,8
Kimo,8
Malachy,8
Eschol,8
Mardy,8
Darrill,8
Franklen,8
Davidson,8
Sigifredo,8
Michae,8
Milus,7
Galin,7
Alaric,7
Micael,7
Mizell,7
Dandy,7
Darien,7
Corbitt,7
Zackary,7
Sang,7
Ulyesses,7
Daniels,7
Dalles,7
Mohamed,7
Daley,7
Valeriano,7
Leith,7
Cozy,7
Rutledge,7
Vail,7
Beryle,7
Mosie,7
Tyrell,7
Darrall,7
Haldon,7
Moreland,7
Birdell,7
Decatur,7
Adolphe,7
Linder,7
Birt,7
Della,7
Cloud,7
Romas,7
Lamond,7
Lafrance,7
Adrion,7
Dennies,7
Graden,7
Henson,7
Duain,7
Elemer,7
Byrle,7
Hermie,7
Huley,7
Brijido,7
Herdis,7
Hyland,7
Ovide,7
Matteo,7
Wiltz,7
Wentworth,7
Rian,7
Elijha,7
Jeoffrey,7
Franco,7
Brookie,7
Malcome,7
Lorna,7
Hilding,7
Joh,7
Ebenezer,7
Joes,7
Joie,7
Earnell,7
Anatole,7
Melba,7
Mcelroy,7
Famous,7
Hines,7
Burris,7
Osker,7
Ana,7
Rell,7
Remer,7
Ivie,7
Johnel,7
Sherlock,7
Kenric,7
Kimberley,7
Kimsey,7
Haydn,7
Hawley,7
Miley,7
Wandell,7
Terald,7
Teri,7
Fredderick,7
Arn,7
Ridgley,7
Wavell,7
Eron,7
Sig,7
Tam,7
Keno,7
Deveron,7
Harroll,7
Helton,7
Vyron,6
Benino,6
Argel,6
Vanderbilt,6
Tadashi,6
Stepehen,6
Arvey,6
Voyd,6
Arsene,6
Vane,6
Steffen,6
Whitley,6
Copeland,6
Corneilus,6
Carnelius,6
Wilbor,6
Arleen,6
Ules,6
Crisoforo,6
Tatsuo,6
Celestine,6
Zackery,6
Byrne,6
Bernel,6
Wendelin,6
Cabot,6
Berney,6
Casto,6
Antimo,6
Wenceslao,6
Stuard,6
Stoy,6
Zelma,6
Swayne,6
Angelita,6
Zelmer,6
Whaley,6
Cantrell,6
Aruther,6
Bynum,6
Thaddaeus,6
Zalman,6
Abdon,6
Andree,6
Bernarr,6
Steveson,6
Wainwright,6
Wannie,6
Cramer,6
Alastair,6
Aster,6
Vartan,6
Aubie,6
Adren,6
Tirso,6
Auguster,6
Silberio,6
Blakely,6
Windol,6
Brennan,6
Trevis,6
Briant,6
Audon,6
Timon,6
Audis,6
Cobert,6
Selvin,6
Claro,6
Aldin,6
Wyley,6
Aurthor,6
Clevon,6
Clete,6
Woodfin,6
Booth,6
Wlliam,6
Cleophis,6
Boyde,6
Winsor,6
Ad,6
Clift,6
Avel,6
Agnew,6
Shalom,6
Shafter,6
Toliver,6
Trey,6
Cola,6
Sarkis,6
Timmons,6
Buckie,6
Seab,6
Biff,6
Alvoid,6
Thimothy,6
Bose,6
Chic,6
Square,6
Beasley,6
Amato,6
Burle,6
Virginio,6
Amelio,6
Tyrome,6
Volley,6
Bige,6
Chon,6
Almus,6
Yaakov,6
Ciriaco,6
Briscoe,6
Alfonzie,6
Colden,6
Athol,6
Socrates,6
Adelmo,6
Sparky,6
Chuckie,6
Christen,6
Truby,6
Ada,6
Bub,6
Beale,6
Wavely,6
Earland,6
Pompey,6
Etheridge,6
Gustaf,6
Fremon,6
Gwinn,6
Deverne,6
Jabe,6
Devron,6
Dewie,6
Ranulfo,6
Ethen,6
Egidio,6
Romer,6
Merlan,6
Moritz,6
Kato,6
Herrick,6
Paull,6
Orazio,6
Franciso,6
Jamison,6
Eufemio,6
Rocke,6
Marl,6
Marquette,6
Kenley,6
Dellie,6
Kirtley,6
Delmond,6
Randalph,6
Lonald,6
Myrick,6
Delvan,6
Elford,6
Longino,6
Demetris,6
Elfego,6
Kiah,6
Guilio,6
Gumaro,6
Gumesindo,6
Kernie,6
Kermon,6
Isidor,6
Roddey,6
Jann,6
Jaren,6
Forney,6
Lynard,6
Reynaud,6
Dorsel,6
Dorthy,6
Doulgas,6
Mitcheal,6
Finas,6
Johm,6
Jerod,6
Pantaleon,6
Haymond,6
Earline,6
Milous,6
Mable,6
Othie,6
Joedy,6
Ferron,6
Mikie,6
Jersey,6
Hartsel,6
Haze,6
Josefina,6
Orlanda,6
Mickiel,6
Kale,6
Riki,6
Ludger,6
Eura,6
Marice,6
Juvencio,6
Donicio,6
Flournoy,6
Justine,6
Marianne,6
Hansell,6
Julies,6
Lunsford,6
Mervil,6
Dorce,6
Edgard,6
Jeannie,6
Flavel,6
Jennifer,6
Romell,6
Hildreth,6
Darian,6
Liberato,6
Royston,6
Leven,6
Royer,6
Lavalle,6
Laurencio,6
Glasco,6
Nord,6
Glenis,6
Massey,6
Lessley,6
Daril,6
Lief,6
Glenroy,6
Phillipp,6
Lan,6
Darrick,6
Phelan,6
Darril,6
Lethell,6
Printess,6
Goodwin,6
Dalis,6
Lendal,6
Lendall,6
Ruven,6
Hoyet,6
Pittman,6
Cuyler,6
Ruford,6
Leila,6
Era,6
Hulett,6
Leone,6
Gibbs,6
Gilliam,6
Ercell,6
Emerald,6
Embry,6
Nollie,6
Gilverto,6
Marwood,6
Ferdinando,6
Naman,6
Ervil,6
Kyran,6
Galyn,6
Martinez,6
Linzey,6
Obediah,6
Ladislao,6
Lish,6
Debra,6
Kriss,6
Delanor,6
Eliott,6
Mearle,6
Granger,6
Deems,6
Daved,6
Melbert,6
Numa,6
Darvel,6
Graylin,6
Lindberg,6
Nadine,6
Noyes,6
Obe,6
Kort,6
Octavius,6
Hollace,6
Hillie,5
Waco,5
Harvis,5
Melrose,5
Meridith,5
Hayne,5
Haymon,5
Arvester,5
Vicent,5
Hovie,5
Asension,5
Aruthur,5
Mayfield,5
Wadsworth,5
Melquiades,5
Autie,5
Avan,5
Avelardo,5
Hasker,5
Hazle,5
Hoskie,5
Heberto,5
Mervel,5
Hewey,5
Merit,5
Honorato,5
Mcneal,5
Mckinney,5
Merdith,5
Vin,5
Asbery,5
Hooper,5
Merrit,5
Ashford,5
Hollan,5
Mert,5
Mchenry,5
Victorino,5
Horice,5
Hezikiah,5
Hilburn,5
Horris,5
Voris,5
Heraclio,5
Horst,5
Henrietta,5
Hilda,5
Hennry,5
Audra,5
Heliodoro,5
Victorio,5
Melchior,5
Sacramento,5
Harvester,5
Varney,5
Goldman,5
Gonsalo,5
Goree,5
Nathainel,5
Grandville,5
Valdon,5
Grantland,5
Narvell,5
Greely,5
Naomi,5
Valery,5
Gregery,5
Valley,5
Grenville,5
Valrie,5
Benjimen,5
Mylan,5
Vandell,5
Guadlupe,5
Benedicto,5
Vanis,5
Murlyn,5
Gurdon,5
Nebraska,5
Gloyd,5
Glenville,5
Ulus,5
Betsy,5
Gerrie,5
Nickola,5
Bervin,5
Nicklos,5
Ugene,5
Ulas,5
Gershon,5
Gervase,5
Newlin,5
Gilroy,5
Neel,5
Bertin,5
Bertice,5
Nesbit,5
Nesbitt,5
Nero,5
Nephi,5
Glasper,5
Glean,5
Glenna,5
Glenny,5
Muril,5
Varnum,5
Avi,5
Belden,5
Monford,5
Barty,5
Verlen,5
Barto,5
Bartow,5
Bartel,5
Verlis,5
Barr,5
Verlynn,5
Hardwick,5
Mitsuo,5
Mirl,5
Minos,5
Banner,5
Harm,5
Minard,5
Harriel,5
Verney,5
Azzie,5
Harriett,5
Millie,5
Milferd,5
Vernus,5
Monica,5
Vergie,5
Montana,5
Hallet,5
Gwynne,5
Morty,5
Becky,5
Beauregard,5
Hagan,5
Hager,5
Morrise,5
Velvet,5
Hallett,5
Vencent,5
Moore,5
Monta,5
Vennis,5
Hamlet,5
Monti,5
Bayne,5
Veral,5
Baynard,5
Verble,5
Waid,5
Baudelio,5
Verdie,5
Baylor,5
Marrin,5
Hoyal,5
Key,5
Kellie,5
Kell,5
Lot,5
Alexzander,5
Lott,5
Lorris,5
Alexandre,5
Alessandro,5
Lorinzo,5
Aldred,5
Loraine,5
Aldene,5
Lovis,5
Winson,5
Lonzel,5
Kinsey,5
Kipley,5
Wister,5
Kippy,5
Kirtland,5
Wolfgang,5
Alba,5
Ki,5
Lohn,5
Loverne,5
Wilsey,5
Kregg,5
Kamal,5
Williamson,5
Jung,5
Alon,5
Williaw,5
Ludy,5
Luddy,5
Luc,5
Algy,5
Willi,5
Luckey,5
Willliam,5
Karlos,5
Keener,5
Willmon,5
Karroll,5
Willson,5
Algia,5
Luca,5
Loys,5
Alfornia,5
Kayle,5
Kayo,5
Keath,5
Lowel,5
Knut,5
Lodis,5
Hozie,5
Lawrene,5
Lattie,5
Laureano,5
Levere,5
Levane,5
Lesly,5
Lavorn,5
Leroyal,5
Achilles,5
Acencion,5
Acel,5
Zaragoza,5
Accie,5
Yusuf,5
Lb,5
Leal,5
Leamond,5
Lebaron,5
Lelton,5
Lemmon,5
Zenas,5
Zennie,5
Lenvil,5
Abb,5
Lenorris,5
Larwrence,5
Larrell,5
Lockwood,5
Wyndham,5
Loal,5
Agustus,5
Lizzie,5
Livio,5
Krist,5
Kunio,5
Kurth,5
Kyler,5
Adrin,5
Lando,5
Adonis,5
Langley,5
Liam,5
Wyn,5
Lanty,5
Limon,5
Adley,5
Lantz,5
Adger,5
Adel,5
Lany,5
Larie,5
Laris,5
Larmon,5
Alter,5
Willet,5
Luren,5
Jabier,5
Warwick,5
Isao,5
Arlus,5
Wassillie,5
Watkins,5
Arlow,5
Bette,5
Marne,5
Arlanda,5
Izear,5
Waylen,5
Aristide,5
Isacc,5
Jade,5
Jamieson,5
Waynard,5
Jamil,5
Waynne,5
Jams,5
Argene,5
Welcome,5
Welden,5
Jarret,5
Ardel,5
Arl,5
Warne,5
Willem,5
Hyram,5
Waitman,5
Huber,5
Hubie,5
Arto,5
Maximilian,5
Maximiano,5
Walfred,5
Arthel,5
Hurl,5
Hurston,5
Hurtis,5
Artemas,5
Mars,5
Artee,5
Master,5
Arris,5
Imogene,5
Marzell,5
Imon,5
Ina,5
Maruin,5
Ire,5
Marton,5
Irish,5
Marguerite,5
Marden,5
Mardell,5
Joni,5
Joda,5
Joeph,5
Amzie,5
Amy,5
Wilbon,5
Amparo,5
Mabel,5
Lyon,5
Lynward,5
Amerigo,5
Jollie,5
Jorgen,5
Jennis,5
Ambers,5
Luzell,5
Jovita,5
Amancio,5
Jt,5
Jubentino,5
Lurie,5
Wilkins,5
Alver,5
Alvery,5
Altus,5
Macie,5
Jimme,5
Jilberto,5
White,5
Jeppie,5
Manton,5
Wendyl,5
Wendy,5
Wenford,5
Jered,5
Jereld,5
Jerriel,5
Jerrill,5
Jerril,5
Wessley,5
Wess,5
Wester,5
Mandel,5
Andrews,5
Jerrod,5
Malton,5
Malloy,5
Malik,5
Jesses,5
Jessup,5
Jeston,5
Whitaker,5
Tyrrell,5
Nowell,5
Gerone,5
Dover,5
Rhody,5
Clarnece,5
Rhodell,5
Claris,5
Rheuben,5
Singleton,5
Sion,5
Dorland,5
Dornell,5
Claiborn,5
Si,5
Reynoldo,5
Cicel,5
Son,5
Rexall,5
Dove,5
Chung,5
Reva,5
Dowl,5
Solmon,5
Renwick,5
Renick,5
Renfred,5
Christino,5
Sonja,5
Christina,5
Rhonnie,5
Doreen,5
Claudel,5
Clausell,5
Cledus,5
Dink,5
Shields,5
Shimon,5
Dirl,5
Cleavon,5
Shirrell,5
Dix,5
Shoji,5
Doane,5
Dodd,5
Ripley,5
Rinnie,5
Domitilo,5
Sigmond,5
Domonick,5
Cleamon,5
Claybourne,5
Rickye,5
Rickman,5
Donnelly,5
Richy,5
Clavin,5
Clauzell,5
Richar,5
Dud,5
Duell,5
Dilworth,5
Chang,5
Eddison,5
Steaven,5
Charies,5
Edric,5
Edvin,5
Rayborn,5
Sten,5
Effie,5
Stepehn,5
Efraim,5
Charels,5
Rassie,5
Raquel,5
Duey,5
Chancie,5
Raphel,5
Chalres,5
Ceylon,5
Cesareo,5
Ran,5
Ransford,5
Stevon,5
Raney,5
Eldredge,5
Stiles,5
Eldrid,5
Edawrd,5
Charlis,5
Charly,5
Rc,5
Dugald,5
Dugan,5
Speedy,5
Reldon,5
Durbin,5
Dutch,5
Sperry,5
Spessard,5
Duwane,5
Dwan,5
Regie,5
Dyle,5
Eamon,5
Cheyenne,5
Chelsea,5
Reeve,5
Stancel,5
Earman,5
Standford,5
Earmel,5
Redden,5
Rector,5
Recardo,5
Reamer,5
Earney,5
Dimitrios,5
Sherryl,5
Geri,5
Roslyn,5
Sanjuan,5
Royace,5
Santa,5
Sante,5
Santford,5
Rox,5
Darden,5
Rowen,5
Rouldph,5
Rothwell,5
Darin,5
Rossi,5
Darlow,5
Colleen,5
Darreld,5
Connis,5
Connard,5
Condy,5
Conan,5
Conant,5
Compton,5
Rosanne,5
Commer,5
Daun,5
Colyn,5
Rooney,5
Corbit,5
Royle,5
Royse,5
Rozelle,5
Crus,5
Crystal,5
Cuauhtemoc,5
Cullie,5
Ruston,5
Rustin,5
Curby,5
Cuthbert,5
Courtlandt,5
Cotis,5
Ruey,5
Dalmer,5
Costello,5
Sammul,5
Dalvin,5
Dandridge,5
Corwyn,5
Rudloph,5
Samuell,5
Cortlandt,5
Daney,5
Danforth,5
Ruberto,5
Cornelis,5
Danley,5
Sebastiano,5
Rony,5
Dill,5
Derrold,5
Demosthenes,5
Sheddrick,5
Denby,5
Denley,5
Denys,5
Denzle,5
Dereck,5
Clesson,5
Derell,5
Cleother,5
Shelva,5
Dermot,5
Cleodis,5
Ronson,5
Desi,5
Roch,5
Sherell,5
Detroit,5
Robrt,5
Clendon,5
Sheron,5
Clemson,5
Dewy,5
Dezzie,5
De,5
Clellan,5
Deming,5
Demetrious,5
Shan,5
Demar,5
Davin,5
Daylon,5
Dearld,5
Deen,5
Deforrest,5
Deke,5
Coke,5
Delacy,5
Romuald,5
Coe,5
Romualdo,5
Romon,5
Romolo,5
Romney,5
Delayne,5
Rommel,5
Deldon,5
Severino,5
Cloude,5
Cloise,5
Cliston,5
Rolley,5
Shad,5
Delphus,5
Clim,5
Cecelia,5
Stockton,5
Stoddard,5
Fredreick,5
Orbra,5
Francico,5
Tina,5
Franis,5
Frankey,5
Oralia,5
Tiodoro,5
Oneill,5
Onas,5
Oma,5
Olly,5
Brayton,5
Olivio,5
Gaetan,5
Brand,5
Olivier,5
Bram,5
Bradfield,5
Friedrich,5
Bradbury,5
Frink,5
Brace,5
Frizell,5
Frontis,5
Tolliver,5
Furney,5
Frager,5
Orest,5
Brinson,5
Foley,5
Thoams,5
Bunyan,5
Bunnie,5
Filberto,5
Findley,5
Fines,5
Buckey,5
Osbaldo,5
Finus,5
Thorton,5
Firmin,5
Orvile,5
Orva,5
Brutus,5
Broward,5
Flay,5
Orr,5
Oron,5
Bronce,5
Floren,5
Bromley,5
Brodus,5
Broc,5
Bristol,5
Floyed,5
Gaddis,5
Odilon,5
Randoll,5
Bingham,5
Garr,5
Gaudencio,5
Norland,5
Noris,5
Birger,5
Gawain,5
Trudy,5
Birdie,5
Gaylard,5
Gaylor,5
Birch,5
Gayl,5
Billye,5
Odice,5
Tunis,5
Gayron,5
Geffrey,5
Twyman,5
Tyce,5
Gehrig,5
Noboru,5
Generoso,5
Nikolas,5
Niki,5
Geraldo,5
Gerhart,5
Norward,5
Norwin,5
Bjorn,5
Garmon,5
Odessa,5
Boss,5
Bossie,5
Odel,5
Gaile,5
Oddis,5
Tong,5
Bon,5
Bonney,5
Bond,5
Bolden,5
Gamaliel,5
Obra,5
Obey,5
Torry,5
Gard,5
Oatis,5
Garie,5
Garlyn,5
Trafton,5
Sabin,5
Novel,5
Travers,5
Blanche,5
Trellis,5
Field,5
Thierry,5
Othal,5
Pope,5
Embree,5
Presiliano,5
Emiterio,5
Emit,5
Carmin,5
Preciliano,5
Poul,5
Emmitte,5
Emmons,5
Talmon,5
Emry,5
Tal,5
Ensley,5
Fields,5
Tanis,5
Tanny,5
Erasmus,5
Tasker,5
Pierson,5
Tazewell,5
Phyllip,5
Ercil,5
Cap,5
Ercole,5
Captain,5
Erineo,5
Sy,5
Printiss,5
Prospero,5
Emanual,5
Cebert,5
Stone,5
Randloph,5
Elic,5
Randale,5
Stratton,5
Strother,5
Elight,5
Eligh,5
Elisandro,5
Eliud,5
Elizardo,5
Raimundo,5
Eliza,5
Elliotte,5
Rad,5
Elo,5
Quinnie,5
Carzell,5
Swain,5
Quincey,5
Elvon,5
Carville,5
Queen,5
Carsie,5
Errick,5
Philander,5
Pharis,5
Evart,5
Even,5
Evern,5
Buzzy,5
Evertte,5
Bush,5
Ever,5
Evin,5
Ezel,5
Pancho,5
Ezzie,5
Fain,5
Ozro,5
Faustin,5
Fed,5
Burnes,5
Ovila,5
Theodoro,5
Felimon,5
Burnace,5
Fergus,5
Ott,5
Ferol,5
Ottice,5
Ferrin,5
Otie,5
Thadis,5
Patrica,5
Cannon,5
Byford,5
Tenny,5
Candy,5
Candace,5
Camillus,5
Petra,5
Petie,5
Esiquiel,5
Eslie,5
Calletano,5
Persell,5
Estee,5
Perle,5
Estelle,5
Esteven,5
Cager,5
Estol,5
Percie,5
Percel,5
Eudon,5
Terron,5
Terrylee,5
Eugne,5
Tetsuo,5
Eulon,5
Euris,5
Zygmunt,5
